id,companyId,employeeId,periodoAquisitivoInicio,periodoAquisitivoFim,periodoConcessivoFim,dataInicio,dataFim,diasGozo,fracionamento,periodo2Inicio,periodo2Fim,periodo3Inicio,periodo3Fim,abonoPecuniario,valorFerias,valorTercoConstitucional,valorAbono,valorTotal,dataPagamento,status,vencida,pagamentoEmDobro,observacoes,aprovadoPor,aprovadoPorUserId,createdAt,updatedAt,deletedAt,deletedBy,deletedByUserId,dataSugeridaInicio,dataSugeridaFim,dataAlteradaPeloRH,numeroPeriodo
1,60002,420033,2023-03-15 00:00:00,2024-03-14 00:00:00,2025-03-14 00:00:00,,,30,1,,,,,0,,,,,,vencida,1,0,Férias vencidas - Período aquisitivo completado em 14/03/2024. Prazo concessivo expirou em 14/03/2025. Pagamento em dobro obrigatório.,,,2026-02-23 00:17:16,2026-02-28 16:56:03,,,,,,0,1
2,60002,420033,2024-03-15 00:00:00,2025-03-14 00:00:00,2026-03-14 00:00:00,,,30,1,,,,,0,,,,,,pendente,0,0,2º período aquisitivo. Prazo concessivo até 14/03/2026.,,,2026-02-23 00:17:16,2026-02-23 00:17:16,,,,,,0,1
3,60002,420026,2024-07-15 00:00:00,2025-07-14 00:00:00,2026-07-14 00:00:00,2026-03-01 00:00:00,2026-03-30 00:00:00,30,1,,,,,0,,,,,,agendada,0,0,Férias programadas para março/2026. 30 dias corridos.,,,2026-02-23 00:17:16,2026-02-23 00:17:16,,,,,,0,1
4,60002,420008,2024-01-01 00:00:00,2024-12-31 00:00:00,2025-12-31 00:00:00,2025-01-02 00:00:00,2025-01-31 00:00:00,30,1,,,,,0,4000.00,1333.33,,5333.33,2024-12-30 00:00:00,concluida,0,0,Férias gozadas em janeiro/2025. 30 dias.,,,2026-02-23 00:17:16,2026-02-23 00:17:16,,,,,,0,1
5,60002,420051,2023-09-01 00:00:00,2024-08-31 00:00:00,2025-08-31 00:00:00,2025-01-15 00:00:00,2025-01-29 00:00:00,30,2,2025-07-01 00:00:00,2025-07-15 00:00:00,,,0,8000.00,2666.67,,10666.67,2025-01-13 00:00:00,concluida,0,0,Férias fracionadas em 2 períodos: 15 dias em janeiro e 15 dias em julho/2025.,,,2026-02-23 00:17:16,2026-02-23 00:17:16,,,,,,0,1
6,60002,420041,2024-02-01 00:00:00,2025-01-31 00:00:00,2026-01-31 00:00:00,2026-04-01 00:00:00,2026-04-30 00:00:00,30,1,,,,,0,,,,,,agendada,0,0,Férias programadas para abril/2026.,,,2026-02-23 00:17:16,2026-02-23 00:17:16,,,,,,0,1
30001,60002,420070,2022-09-27 00:00:00,2023-09-26 00:00:00,2024-09-26 00:00:00,,,30,1,,,,,0,,,,,,vencida,1,1,,,,2026-02-23 20:17:44,2026-02-24 22:35:15,2026-02-24 22:35:15,Felipe Costa Alves,601043,,,0,1
30002,60002,420070,2023-09-27 00:00:00,2024-09-26 00:00:00,2025-09-26 00:00:00,,,30,1,,,,,0,,,,,,vencida,1,1,,,,2026-02-23 20:17:44,2026-02-24 22:35:21,2026-02-24 22:35:21,Felipe Costa Alves,601043,,,0,1
30003,60002,420070,2024-09-27 00:00:00,2025-09-26 00:00:00,2026-09-26 00:00:00,,,30,1,,,,,0,,,,,,pendente,0,0,,,,2026-02-23 20:17:44,2026-02-24 22:35:17,2026-02-24 22:35:17,Felipe Costa Alves,601043,,,0,1
30004,60002,420070,2024-01-17 00:00:00,2025-01-17 00:00:00,2026-01-15 00:00:00,2026-01-15 00:00:00,2026-02-14 00:00:00,30,1,,,,,0,2.50,0.83,0.00,3.33,2026-01-13 00:00:00,agendada,0,0,,Ana Beatriz  Silva Conceição,570172,2026-02-23 20:19:00,2026-02-24 22:35:20,2026-02-24 22:35:20,Felipe Costa Alves,601043,,,0,1
60001,60002,420054,2018-03-01 00:00:00,2019-02-28 00:00:00,2020-02-28 00:00:00,,,30,1,,,,,0,,,,,,concluida,0,0," [Liquidação automática] Férias anteriores a 2024 - consideradas pagas e liquidadas em 28/02/2020.",,,2026-02-28 02:24:50,2026-02-28 16:56:03,,,,2020-01-29 00:00:00,2020-02-27 00:00:00,0,1
60002,60002,420054,2019-03-01 00:00:00,2020-02-29 00:00:00,2021-03-01 00:00:00,,,30,1,,,,,0,,,,,,concluida,0,0," [Liquidação automática] Férias anteriores a 2024 - consideradas pagas e liquidadas em 01/03/2021.",,,2026-02-28 02:24:50,2026-02-28 16:56:03,,,,2021-01-30 00:00:00,2021-02-28 00:00:00,0,2
60003,60002,420054,2020-03-01 00:00:00,2021-02-28 00:00:00,2022-02-28 00:00:00,,,30,1,,,,,0,,,,,,concluida,0,0," [Liquidação automática] Férias anteriores a 2024 - consideradas pagas e liquidadas em 28/02/2022.",,,2026-02-28 02:24:50,2026-02-28 16:56:03,,,,2022-01-29 00:00:00,2022-02-27 00:00:00,0,3
60004,60002,420054,2021-03-01 00:00:00,2022-02-28 00:00:00,2023-02-28 00:00:00,,,30,1,,,,,0,,,,,,concluida,0,0," [Liquidação automática] Férias anteriores a 2024 - consideradas pagas e liquidadas em 28/02/2023.",,,2026-02-28 02:24:50,2026-02-28 16:56:03,,,,2023-01-29 00:00:00,2023-02-27 00:00:00,0,4
60005,60002,420054,2022-03-01 00:00:00,2023-02-28 00:00:00,2024-02-28 00:00:00,,,30,1,,,,,0,,,,,,concluida,1,0,Férias confirmadas como pagas por Felipe Costa Alves em 28/02/2026,Felipe Costa Alves,601043,2026-02-28 02:24:50,2026-02-28 17:24:57,,,,2024-01-29 00:00:00,2024-02-27 00:00:00,0,5
60006,60002,420054,2023-03-01 00:00:00,2024-02-29 00:00:00,2025-03-01 00:00:00,,,30,1,,,,,0,,,,,,concluida,1,0,Férias confirmadas como pagas por Felipe Costa Alves em 28/02/2026,Felipe Costa Alves,601043,2026-02-28 02:24:50,2026-02-28 17:25:00,,,,2025-01-30 00:00:00,2025-02-28 00:00:00,0,6
60007,60002,420054,2024-03-01 00:00:00,2025-02-28 00:00:00,2026-02-28 00:00:00,,,30,1,,,,,0,,,,,,vencida,1,0,"[CONCLUSÃO CANCELADA] por Felipe Alves em 10/03/2026. Motivo: Teste de cancelamento - férias foram pagas indevidamente, necessário reprocessar
---
Férias confirmadas como pagas por Ana Beatriz  Silva Conceição em 02/03/2026",Ana Beatriz  Silva Conceição,570172,2026-02-28 02:24:50,2026-03-10 20:16:16,,,,2026-01-29 00:00:00,2026-02-27 00:00:00,0,7
60008,60002,420054,2025-03-01 00:00:00,2026-02-28 00:00:00,2027-02-28 00:00:00,,,30,1,,,,,0,,,,,,pendente,0,0,,,,2026-02-28 02:24:50,2026-02-28 02:24:50,,,,2027-01-29 00:00:00,2027-02-27 00:00:00,0,8
60009,60002,420055,2018-06-07 00:00:00,2019-06-06 00:00:00,2020-06-06 00:00:00,,,30,1,,,,,0,,,,,,concluida,0,0," [Liquidação automática] Férias anteriores a 2024 - consideradas pagas e liquidadas em 06/06/2020.",,,2026-02-28 02:24:50,2026-02-28 16:56:03,,,,2020-05-07 00:00:00,2020-06-05 00:00:00,0,1
60010,60002,420055,2019-06-07 00:00:00,2020-06-06 00:00:00,2021-06-06 00:00:00,,,30,1,,,,,0,,,,,,concluida,0,0," [Liquidação automática] Férias anteriores a 2024 - consideradas pagas e liquidadas em 06/06/2021.",,,2026-02-28 02:24:50,2026-02-28 16:56:03,,,,2021-05-07 00:00:00,2021-06-05 00:00:00,0,2
60011,60002,420055,2020-06-07 00:00:00,2021-06-06 00:00:00,2022-06-06 00:00:00,,,30,1,,,,,0,,,,,,concluida,0,0," [Liquidação automática] Férias anteriores a 2024 - consideradas pagas e liquidadas em 06/06/2022.",,,2026-02-28 02:24:50,2026-02-28 16:56:03,,,,2022-05-07 00:00:00,2022-06-05 00:00:00,0,3
60012,60002,420055,2021-06-07 00:00:00,2022-06-06 00:00:00,2023-06-06 00:00:00,,,30,1,,,,,0,,,,,,concluida,0,0," [Liquidação automática] Férias anteriores a 2024 - consideradas pagas e liquidadas em 06/06/2023.",,,2026-02-28 02:24:50,2026-02-28 16:56:03,,,,2023-05-07 00:00:00,2023-06-05 00:00:00,0,4
60013,60002,420055,2022-06-07 00:00:00,2023-06-06 00:00:00,2024-06-06 00:00:00,,,30,1,,,,,0,,,,,,concluida,1,0,Férias confirmadas como pagas por Felipe Costa Alves em 28/02/2026,Felipe Costa Alves,601043,2026-02-28 02:24:50,2026-02-28 17:25:05,,,,2024-05-07 00:00:00,2024-06-05 00:00:00,0,5
60014,60002,420055,2023-06-07 00:00:00,2024-06-06 00:00:00,2025-06-06 00:00:00,,,30,1,,,,,0,,,,,,concluida,1,0,Férias confirmadas como pagas por Felipe Costa Alves em 28/02/2026,Felipe Costa Alves,601043,2026-02-28 02:24:50,2026-02-28 17:28:15,,,,2025-05-07 00:00:00,2025-06-05 00:00:00,0,6
60015,60002,420055,2024-06-07 00:00:00,2025-06-06 00:00:00,2026-06-06 00:00:00,,,30,1,,,,,0,,,,,,pendente,0,0,,,,2026-02-28 02:24:50,2026-02-28 02:24:50,,,,2026-05-07 00:00:00,2026-06-05 00:00:00,0,7
60016,60002,420056,2018-07-16 00:00:00,2019-07-15 00:00:00,2020-07-15 00:00:00,,,30,1,,,,,0,,,,,,concluida,0,0," [Liquidação automática] Férias anteriores a 2024 - consideradas pagas e liquidadas em 15/07/2020.",,,2026-02-28 02:24:50,2026-02-28 16:56:03,,,,2020-06-15 00:00:00,2020-07-14 00:00:00,0,1
60017,60002,420056,2019-07-16 00:00:00,2020-07-15 00:00:00,2021-07-15 00:00:00,,,30,1,,,,,0,,,,,,concluida,0,0," [Liquidação automática] Férias anteriores a 2024 - consideradas pagas e liquidadas em 15/07/2021.",,,2026-02-28 02:24:50,2026-02-28 16:56:03,,,,2021-06-15 00:00:00,2021-07-14 00:00:00,0,2
60018,60002,420056,2020-07-16 00:00:00,2021-07-15 00:00:00,2022-07-15 00:00:00,,,30,1,,,,,0,,,,,,concluida,0,0," [Liquidação automática] Férias anteriores a 2024 - consideradas pagas e liquidadas em 15/07/2022.",,,2026-02-28 02:24:50,2026-02-28 16:56:03,,,,2022-06-15 00:00:00,2022-07-14 00:00:00,0,3
60019,60002,420056,2021-07-16 00:00:00,2022-07-15 00:00:00,2023-07-15 00:00:00,,,30,1,,,,,0,,,,,,concluida,0,0," [Liquidação automática] Férias anteriores a 2024 - consideradas pagas e liquidadas em 15/07/2023.",,,2026-02-28 02:24:50,2026-02-28 16:56:03,,,,2023-06-15 00:00:00,2023-07-14 00:00:00,0,4
60020,60002,420056,2022-07-16 00:00:00,2023-07-15 00:00:00,2024-07-15 00:00:00,,,30,1,,,,,0,,,,,,concluida,1,0,Férias confirmadas como pagas por Felipe Costa Alves em 28/02/2026,Felipe Costa Alves,601043,2026-02-28 02:24:50,2026-02-28 17:25:07,,,,2024-06-15 00:00:00,2024-07-14 00:00:00,0,5
60021,60002,420056,2023-07-16 00:00:00,2024-07-15 00:00:00,2025-07-15 00:00:00,,,30,1,,,,,0,,,,,,concluida,1,0,Férias confirmadas como pagas por Felipe Costa Alves em 28/02/2026,Felipe Costa Alves,601043,2026-02-28 02:24:50,2026-02-28 17:28:17,,,,2025-06-15 00:00:00,2025-07-14 00:00:00,0,6
60022,60002,420056,2024-07-16 00:00:00,2025-07-15 00:00:00,2026-07-15 00:00:00,,,30,1,,,,,0,,,,,,pendente,0,0,,,,2026-02-28 02:24:50,2026-02-28 02:24:50,,,,2026-06-15 00:00:00,2026-07-14 00:00:00,0,7
60023,60002,420057,2018-08-01 00:00:00,2019-07-31 00:00:00,2020-07-31 00:00:00,,,30,1,,,,,0,,,,,,concluida,0,0," [Liquidação automática] Férias anteriores a 2024 - consideradas pagas e liquidadas em 31/07/2020.",,,2026-02-28 02:24:50,2026-02-28 16:56:03,,,,2020-07-01 00:00:00,2020-07-30 00:00:00,0,1
60024,60002,420057,2019-08-01 00:00:00,2020-07-31 00:00:00,2021-07-31 00:00:00,,,30,1,,,,,0,,,,,,concluida,0,0," [Liquidação automática] Férias anteriores a 2024 - consideradas pagas e liquidadas em 31/07/2021.",,,2026-02-28 02:24:50,2026-02-28 16:56:03,,,,2021-07-01 00:00:00,2021-07-30 00:00:00,0,2
60025,60002,420057,2020-08-01 00:00:00,2021-07-31 00:00:00,2022-07-31 00:00:00,,,30,1,,,,,0,,,,,,concluida,0,0," [Liquidação automática] Férias anteriores a 2024 - consideradas pagas e liquidadas em 31/07/2022.",,,2026-02-28 02:24:51,2026-02-28 16:56:03,,,,2022-07-01 00:00:00,2022-07-30 00:00:00,0,3
60026,60002,420057,2021-08-01 00:00:00,2022-07-31 00:00:00,2023-07-31 00:00:00,,,30,1,,,,,0,,,,,,concluida,0,0," [Liquidação automática] Férias anteriores a 2024 - consideradas pagas e liquidadas em 31/07/2023.",,,2026-02-28 02:24:51,2026-02-28 16:56:03,,,,2023-07-01 00:00:00,2023-07-30 00:00:00,0,4
60027,60002,420057,2022-08-01 00:00:00,2023-07-31 00:00:00,2024-07-31 00:00:00,,,30,1,,,,,0,,,,,,concluida,1,0,Férias confirmadas como pagas por Felipe Costa Alves em 28/02/2026,Felipe Costa Alves,601043,2026-02-28 02:24:51,2026-02-28 17:25:09,,,,2024-07-01 00:00:00,2024-07-30 00:00:00,0,5
60028,60002,420057,2023-08-01 00:00:00,2024-07-31 00:00:00,2025-07-31 00:00:00,,,30,1,,,,,0,,,,,,concluida,1,0,Férias confirmadas como pagas por Felipe Costa Alves em 28/02/2026,Felipe Costa Alves,601043,2026-02-28 02:24:51,2026-02-28 17:28:26,,,,2025-07-01 00:00:00,2025-07-30 00:00:00,0,6
60029,60002,420057,2024-08-01 00:00:00,2025-07-31 00:00:00,2026-07-31 00:00:00,,,30,1,,,,,0,,,,,,pendente,0,0,,,,2026-02-28 02:24:51,2026-02-28 02:24:51,,,,2026-07-01 00:00:00,2026-07-30 00:00:00,0,7
60030,60002,420058,2019-02-11 00:00:00,2020-02-10 00:00:00,2021-02-10 00:00:00,,,30,1,,,,,0,,,,,,concluida,0,0," [Liquidação automática] Férias anteriores a 2024 - consideradas pagas e liquidadas em 10/02/2021.",,,2026-02-28 02:24:51,2026-02-28 16:56:03,,,,2021-01-11 00:00:00,2021-02-09 00:00:00,0,1
60031,60002,420058,2020-02-11 00:00:00,2021-02-10 00:00:00,2022-02-10 00:00:00,,,30,1,,,,,0,,,,,,concluida,0,0," [Liquidação automática] Férias anteriores a 2024 - consideradas pagas e liquidadas em 10/02/2022.",,,2026-02-28 02:24:51,2026-02-28 16:56:03,,,,2022-01-11 00:00:00,2022-02-09 00:00:00,0,2
60032,60002,420058,2021-02-11 00:00:00,2022-02-10 00:00:00,2023-02-10 00:00:00,,,30,1,,,,,0,,,,,,concluida,0,0," [Liquidação automática] Férias anteriores a 2024 - consideradas pagas e liquidadas em 10/02/2023.",,,2026-02-28 02:24:51,2026-02-28 16:56:03,,,,2023-01-11 00:00:00,2023-02-09 00:00:00,0,3
60033,60002,420058,2022-02-11 00:00:00,2023-02-10 00:00:00,2024-02-10 00:00:00,,,30,1,,,,,0,,,,,,concluida,1,0,Férias confirmadas como pagas por Felipe Costa Alves em 28/02/2026,Felipe Costa Alves,601043,2026-02-28 02:24:51,2026-02-28 17:25:12,,,,2024-01-11 00:00:00,2024-02-09 00:00:00,0,4
60034,60002,420058,2023-02-11 00:00:00,2024-02-10 00:00:00,2025-02-10 00:00:00,,,30,1,,,,,0,,,,,,concluida,1,0,Férias confirmadas como pagas por Felipe Costa Alves em 28/02/2026,Felipe Costa Alves,601043,2026-02-28 02:24:51,2026-02-28 17:25:16,,,,2025-01-11 00:00:00,2025-02-09 00:00:00,0,5
60035,60002,420058,2024-02-11 00:00:00,2025-02-10 00:00:00,2026-02-10 00:00:00,,,30,1,,,,,0,,,,,,concluida,1,0,Férias confirmadas como pagas por Ana Beatriz  Silva Conceição em 02/03/2026,Ana Beatriz  Silva Conceição,570172,2026-02-28 02:24:51,2026-03-02 00:06:02,,,,2026-01-11 00:00:00,2026-02-09 00:00:00,0,6
60036,60002,420058,2025-02-11 00:00:00,2026-02-10 00:00:00,2027-02-10 00:00:00,,,30,1,,,,,0,,,,,,pendente,0,0,,,,2026-02-28 02:24:51,2026-02-28 02:24:51,,,,2027-01-11 00:00:00,2027-02-09 00:00:00,0,7
60037,60002,420059,2019-03-25 00:00:00,2020-03-24 00:00:00,2021-03-24 00:00:00,,,30,1,,,,,0,,,,,,concluida,0,0," [Liquidação automática] Férias anteriores a 2024 - consideradas pagas e liquidadas em 24/03/2021.",,,2026-02-28 02:24:51,2026-02-28 16:56:03,,,,2021-02-22 00:00:00,2021-03-23 00:00:00,0,1
60038,60002,420059,2020-03-25 00:00:00,2021-03-24 00:00:00,2022-03-24 00:00:00,,,30,1,,,,,0,,,,,,concluida,0,0," [Liquidação automática] Férias anteriores a 2024 - consideradas pagas e liquidadas em 24/03/2022.",,,2026-02-28 02:24:51,2026-02-28 16:56:03,,,,2022-02-22 00:00:00,2022-03-23 00:00:00,0,2
60039,60002,420059,2021-03-25 00:00:00,2022-03-24 00:00:00,2023-03-24 00:00:00,,,30,1,,,,,0,,,,,,concluida,0,0," [Liquidação automática] Férias anteriores a 2024 - consideradas pagas e liquidadas em 24/03/2023.",,,2026-02-28 02:24:51,2026-02-28 16:56:03,,,,2023-02-22 00:00:00,2023-03-23 00:00:00,0,3
60040,60002,420059,2022-03-25 00:00:00,2023-03-24 00:00:00,2024-03-24 00:00:00,,,30,1,,,,,0,,,,,,concluida,1,0,Férias confirmadas como pagas por Felipe Costa Alves em 28/02/2026,Felipe Costa Alves,601043,2026-02-28 02:24:51,2026-02-28 17:25:19,,,,2024-02-23 00:00:00,2024-03-23 00:00:00,0,4
60041,60002,420059,2023-03-25 00:00:00,2024-03-24 00:00:00,2025-03-24 00:00:00,,,30,1,,,,,0,,,,,,concluida,1,0,Férias confirmadas como pagas por Felipe Costa Alves em 28/02/2026,Felipe Costa Alves,601043,2026-02-28 02:24:51,2026-02-28 17:25:27,,,,2025-02-22 00:00:00,2025-03-23 00:00:00,0,5
60042,60002,420059,2024-03-25 00:00:00,2025-03-24 00:00:00,2026-03-24 00:00:00,2026-02-23 00:00:00,2026-03-24 00:00:00,30,1,,,,,0,2189.00,729.67,,2918.67,2026-02-21 00:00:00,em_gozo,0,0,Data alterada pelo RH (Isabela Augusta da Silva Velloso Monteiro). Original: 2026-02-22 a 2026-03-23,Isabela Augusta da Silva Velloso Monteiro,990252,2026-02-28 02:24:51,2026-03-10 13:05:07,,,,2026-02-22 00:00:00,2026-03-23 00:00:00,1,6
60043,60002,420060,2020-03-12 00:00:00,2021-03-11 00:00:00,2022-03-11 00:00:00,,,30,1,,,,,0,,,,,,concluida,0,0," [Liquidação automática] Férias anteriores a 2024 - consideradas pagas e liquidadas em 11/03/2022.",,,2026-02-28 02:24:51,2026-02-28 16:56:03,,,,2022-02-09 00:00:00,2022-03-10 00:00:00,0,1
60044,60002,420060,2021-03-12 00:00:00,2022-03-11 00:00:00,2023-03-11 00:00:00,,,30,1,,,,,0,,,,,,concluida,0,0," [Liquidação automática] Férias anteriores a 2024 - consideradas pagas e liquidadas em 11/03/2023.",,,2026-02-28 02:24:51,2026-02-28 16:56:03,,,,2023-02-09 00:00:00,2023-03-10 00:00:00,0,2
60045,60002,420060,2022-03-12 00:00:00,2023-03-11 00:00:00,2024-03-11 00:00:00,,,30,1,,,,,0,,,,,,concluida,1,0,Férias confirmadas como pagas por Felipe Costa Alves em 28/02/2026,Felipe Costa Alves,601043,2026-02-28 02:24:51,2026-02-28 17:28:29,,,,2024-02-10 00:00:00,2024-03-10 00:00:00,0,3
60046,60002,420060,2023-03-12 00:00:00,2024-03-11 00:00:00,2025-03-11 00:00:00,,,30,1,,,,,0,,,,,,concluida,1,0,Férias confirmadas como pagas por Felipe Costa Alves em 28/02/2026,Felipe Costa Alves,601043,2026-02-28 02:24:51,2026-02-28 17:28:30,,,,2025-02-09 00:00:00,2025-03-10 00:00:00,0,4
60047,60002,420060,2024-03-12 00:00:00,2025-03-11 00:00:00,2026-03-11 00:00:00,,,30,1,,,,,0,,,,,,pendente,0,0,,,,2026-02-28 02:24:51,2026-02-28 02:24:51,,,,2026-02-09 00:00:00,2026-03-10 00:00:00,0,5
60048,60002,420061,2020-03-12 00:00:00,2021-03-11 00:00:00,2022-03-11 00:00:00,,,30,1,,,,,0,,,,,,concluida,0,0," [Liquidação automática] Férias anteriores a 2024 - consideradas pagas e liquidadas em 11/03/2022.",,,2026-02-28 02:24:51,2026-02-28 16:56:03,,,,2022-02-09 00:00:00,2022-03-10 00:00:00,0,1
60049,60002,420061,2021-03-12 00:00:00,2022-03-11 00:00:00,2023-03-11 00:00:00,,,30,1,,,,,0,,,,,,concluida,0,0," [Liquidação automática] Férias anteriores a 2024 - consideradas pagas e liquidadas em 11/03/2023.",,,2026-02-28 02:24:51,2026-02-28 16:56:03,,,,2023-02-09 00:00:00,2023-03-10 00:00:00,0,2
60050,60002,420061,2022-03-12 00:00:00,2023-03-11 00:00:00,2024-03-11 00:00:00,,,30,1,,,,,0,,,,,,concluida,1,0,Férias confirmadas como pagas por Felipe Costa Alves em 28/02/2026,Felipe Costa Alves,601043,2026-02-28 02:24:51,2026-02-28 17:25:29,,,,2024-02-10 00:00:00,2024-03-10 00:00:00,0,3
60051,60002,420061,2023-03-12 00:00:00,2024-03-11 00:00:00,2025-03-11 00:00:00,,,30,1,,,,,0,,,,,,concluida,1,0,Férias confirmadas como pagas por Felipe Costa Alves em 28/02/2026,Felipe Costa Alves,601043,2026-02-28 02:24:51,2026-02-28 17:28:32,,,,2025-02-09 00:00:00,2025-03-10 00:00:00,0,4
60052,60002,420061,2024-03-12 00:00:00,2025-03-11 00:00:00,2026-03-11 00:00:00,,,30,1,,,,,0,,,,,,pendente,0,0,,,,2026-02-28 02:24:51,2026-02-28 02:24:51,,,,2026-02-09 00:00:00,2026-03-10 00:00:00,0,5
60053,60002,420062,2020-03-12 00:00:00,2021-03-11 00:00:00,2022-03-11 00:00:00,,,30,1,,,,,0,,,,,,concluida,0,0," [Liquidação automática] Férias anteriores a 2024 - consideradas pagas e liquidadas em 11/03/2022.",,,2026-02-28 02:24:51,2026-02-28 16:56:03,,,,2022-02-09 00:00:00,2022-03-10 00:00:00,0,1
60054,60002,420062,2021-03-12 00:00:00,2022-03-11 00:00:00,2023-03-11 00:00:00,,,30,1,,,,,0,,,,,,concluida,0,0," [Liquidação automática] Férias anteriores a 2024 - consideradas pagas e liquidadas em 11/03/2023.",,,2026-02-28 02:24:51,2026-02-28 16:56:03,,,,2023-02-09 00:00:00,2023-03-10 00:00:00,0,2
60055,60002,420062,2022-03-12 00:00:00,2023-03-11 00:00:00,2024-03-11 00:00:00,,,30,1,,,,,0,,,,,,concluida,1,0,Férias confirmadas como pagas por Felipe Costa Alves em 28/02/2026,Felipe Costa Alves,601043,2026-02-28 02:24:51,2026-02-28 17:25:31,,,,2024-02-10 00:00:00,2024-03-10 00:00:00,0,3
60056,60002,420062,2023-03-12 00:00:00,2024-03-11 00:00:00,2025-03-11 00:00:00,,,30,1,,,,,0,,,,,,concluida,1,0,Férias confirmadas como pagas por Felipe Costa Alves em 28/02/2026,Felipe Costa Alves,601043,2026-02-28 02:24:51,2026-02-28 17:28:34,,,,2025-02-09 00:00:00,2025-03-10 00:00:00,0,4
60057,60002,420062,2024-03-12 00:00:00,2025-03-11 00:00:00,2026-03-11 00:00:00,2026-02-09 00:00:00,2026-03-10 00:00:00,30,1,,,,,0,2189.00,729.67,,2918.67,2026-02-07 00:00:00,concluida,0,0,,Isabela Augusta da Silva Velloso Monteiro,990252,2026-02-28 02:24:51,2026-03-11 01:45:43,,,,2026-02-09 00:00:00,2026-03-10 00:00:00,0,5
60058,60002,420063,2020-04-23 00:00:00,2021-04-22 00:00:00,2022-04-22 00:00:00,,,30,1,,,,,0,,,,,,concluida,0,0," [Liquidação automática] Férias anteriores a 2024 - consideradas pagas e liquidadas em 22/04/2022.",,,2026-02-28 02:24:51,2026-02-28 16:56:03,,,,2022-03-23 00:00:00,2022-04-21 00:00:00,0,1
60059,60002,420063,2021-04-23 00:00:00,2022-04-22 00:00:00,2023-04-22 00:00:00,,,30,1,,,,,0,,,,,,concluida,0,0," [Liquidação automática] Férias anteriores a 2024 - consideradas pagas e liquidadas em 22/04/2023.",,,2026-02-28 02:24:51,2026-02-28 16:56:03,,,,2023-03-23 00:00:00,2023-04-21 00:00:00,0,2
60060,60002,420063,2022-04-23 00:00:00,2023-04-22 00:00:00,2024-04-22 00:00:00,,,30,1,,,,,0,,,,,,concluida,1,0,Férias confirmadas como pagas por Felipe Costa Alves em 28/02/2026,Felipe Costa Alves,601043,2026-02-28 02:24:51,2026-02-28 17:25:32,,,,2024-03-23 00:00:00,2024-04-21 00:00:00,0,3
60061,60002,420063,2023-04-23 00:00:00,2024-04-22 00:00:00,2025-04-22 00:00:00,,,30,1,,,,,0,,,,,,concluida,1,0,Férias confirmadas como pagas por Felipe Costa Alves em 28/02/2026,Felipe Costa Alves,601043,2026-02-28 02:24:51,2026-02-28 17:28:35,,,,2025-03-23 00:00:00,2025-04-21 00:00:00,0,4
60062,60002,420063,2024-04-23 00:00:00,2025-04-22 00:00:00,2026-04-22 00:00:00,,,30,1,,,,,0,,,,,,pendente,0,0,,,,2026-02-28 02:24:51,2026-02-28 02:24:51,,,,2026-03-23 00:00:00,2026-04-21 00:00:00,0,5
60063,60002,420064,2020-05-14 00:00:00,2021-05-13 00:00:00,2022-05-13 00:00:00,,,30,1,,,,,0,,,,,,concluida,0,0," [Liquidação automática] Férias anteriores a 2024 - consideradas pagas e liquidadas em 13/05/2022.",,,2026-02-28 02:24:51,2026-02-28 16:56:03,,,,2022-04-13 00:00:00,2022-05-12 00:00:00,0,1
60064,60002,420064,2021-05-14 00:00:00,2022-05-13 00:00:00,2023-05-13 00:00:00,,,30,1,,,,,0,,,,,,concluida,0,0," [Liquidação automática] Férias anteriores a 2024 - consideradas pagas e liquidadas em 13/05/2023.",,,2026-02-28 02:24:51,2026-02-28 16:56:03,,,,2023-04-13 00:00:00,2023-05-12 00:00:00,0,2
60065,60002,420064,2022-05-14 00:00:00,2023-05-13 00:00:00,2024-05-13 00:00:00,,,30,1,,,,,0,,,,,,concluida,1,0,Férias confirmadas como pagas por Felipe Costa Alves em 28/02/2026,Felipe Costa Alves,601043,2026-02-28 02:24:51,2026-02-28 17:25:35,,,,2024-04-13 00:00:00,2024-05-12 00:00:00,0,3
60066,60002,420064,2023-05-14 00:00:00,2024-05-13 00:00:00,2025-05-13 00:00:00,,,30,1,,,,,0,,,,,,concluida,1,0,Férias confirmadas como pagas por Felipe Costa Alves em 28/02/2026,Felipe Costa Alves,601043,2026-02-28 02:24:51,2026-02-28 17:28:37,,,,2025-04-13 00:00:00,2025-05-12 00:00:00,0,4
60067,60002,420064,2024-05-14 00:00:00,2025-05-13 00:00:00,2026-05-13 00:00:00,,,30,1,,,,,0,,,,,,pendente,0,0,,,,2026-02-28 02:24:51,2026-02-28 02:24:51,,,,2026-04-13 00:00:00,2026-05-12 00:00:00,0,5
60068,60002,420065,2020-08-17 00:00:00,2021-08-16 00:00:00,2022-08-16 00:00:00,,,30,1,,,,,0,,,,,,concluida,0,0," [Liquidação automática] Férias anteriores a 2024 - consideradas pagas e liquidadas em 16/08/2022.",,,2026-02-28 02:24:51,2026-02-28 16:56:03,,,,2022-07-17 00:00:00,2022-08-15 00:00:00,0,1
60069,60002,420065,2021-08-17 00:00:00,2022-08-16 00:00:00,2023-08-16 00:00:00,,,30,1,,,,,0,,,,,,concluida,0,0," [Liquidação automática] Férias anteriores a 2024 - consideradas pagas e liquidadas em 16/08/2023.",,,2026-02-28 02:24:51,2026-02-28 16:56:03,,,,2023-07-17 00:00:00,2023-08-15 00:00:00,0,2
60070,60002,420065,2022-08-17 00:00:00,2023-08-16 00:00:00,2024-08-16 00:00:00,,,30,1,,,,,0,,,,,,concluida,1,0,Férias confirmadas como pagas por Felipe Costa Alves em 28/02/2026,Felipe Costa Alves,601043,2026-02-28 02:24:51,2026-02-28 17:25:36,,,,2024-07-17 00:00:00,2024-08-15 00:00:00,0,3
60071,60002,420065,2023-08-17 00:00:00,2024-08-16 00:00:00,2025-08-16 00:00:00,,,30,1,,,,,0,,,,,,concluida,1,0,Férias confirmadas como pagas por Felipe Costa Alves em 28/02/2026,Felipe Costa Alves,601043,2026-02-28 02:24:51,2026-02-28 17:28:38,,,,2025-07-17 00:00:00,2025-08-15 00:00:00,0,4
60072,60002,420065,2024-08-17 00:00:00,2025-08-16 00:00:00,2026-08-16 00:00:00,,,30,1,,,,,0,,,,,,pendente,0,0,,,,2026-02-28 02:24:51,2026-02-28 02:24:51,,,,2026-07-17 00:00:00,2026-08-15 00:00:00,0,5
60073,60002,420066,2020-11-03 00:00:00,2021-11-02 00:00:00,2022-11-02 00:00:00,,,30,1,,,,,0,,,,,,concluida,0,0," [Liquidação automática] Férias anteriores a 2024 - consideradas pagas e liquidadas em 02/11/2022.",,,2026-02-28 02:24:51,2026-02-28 16:56:03,,,,2022-10-03 00:00:00,2022-11-01 00:00:00,0,1
60074,60002,420066,2021-11-03 00:00:00,2022-11-02 00:00:00,2023-11-02 00:00:00,,,30,1,,,,,0,,,,,,concluida,0,0," [Liquidação automática] Férias anteriores a 2024 - consideradas pagas e liquidadas em 02/11/2023.",,,2026-02-28 02:24:51,2026-02-28 16:56:03,,,,2023-10-03 00:00:00,2023-11-01 00:00:00,0,2
60075,60002,420066,2022-11-03 00:00:00,2023-11-02 00:00:00,2024-11-02 00:00:00,,,30,1,,,,,0,,,,,,concluida,1,0,Férias confirmadas como pagas por Felipe Costa Alves em 28/02/2026,Felipe Costa Alves,601043,2026-02-28 02:24:51,2026-02-28 17:25:38,,,,2024-10-03 00:00:00,2024-11-01 00:00:00,0,3
60076,60002,420066,2023-11-03 00:00:00,2024-11-02 00:00:00,2025-11-02 00:00:00,2026-03-10 00:00:00,2026-03-19 00:00:00,10,1,,,,,0,924.73,308.24,,1232.98,2026-03-08 00:00:00,em_gozo,1,0,Data alterada pelo RH (Felipe Costa Alves). Original: 2025-10-03 a 2025-11-01,Felipe Costa Alves,601043,2026-02-28 02:24:51,2026-03-10 20:43:15,,,,2025-10-03 00:00:00,2025-11-01 00:00:00,1,4
60077,60002,420066,2024-11-03 00:00:00,2025-11-02 00:00:00,2026-11-02 00:00:00,,,30,1,,,,,0,,,,,,pendente,0,0,,,,2026-02-28 02:24:51,2026-02-28 02:24:51,,,,2026-10-03 00:00:00,2026-11-01 00:00:00,0,5
60078,60002,420067,2021-11-18 00:00:00,2022-11-17 00:00:00,2023-11-17 00:00:00,,,30,1,,,,,0,,,,,,concluida,0,0," [Liquidação automática] Férias anteriores a 2024 - consideradas pagas e liquidadas em 17/11/2023.",,,2026-02-28 02:24:51,2026-02-28 16:56:03,,,,2023-10-18 00:00:00,2023-11-16 00:00:00,0,1
60079,60002,420067,2022-11-18 00:00:00,2023-11-17 00:00:00,2024-11-17 00:00:00,,,30,1,,,,,0,,,,,,concluida,1,0,Férias confirmadas como pagas por Felipe Costa Alves em 28/02/2026,Felipe Costa Alves,601043,2026-02-28 02:24:51,2026-02-28 17:25:40,,,,2024-10-18 00:00:00,2024-11-16 00:00:00,0,2
60080,60002,420067,2023-11-18 00:00:00,2024-11-17 00:00:00,2025-11-17 00:00:00,,,30,1,,,,,0,,,,,,concluida,1,0,Férias confirmadas como pagas por Felipe Costa Alves em 28/02/2026,Felipe Costa Alves,601043,2026-02-28 02:24:51,2026-02-28 17:28:40,,,,2025-10-18 00:00:00,2025-11-16 00:00:00,0,3
60081,60002,420067,2024-11-18 00:00:00,2025-11-17 00:00:00,2026-11-17 00:00:00,,,30,1,,,,,0,,,,,,pendente,0,0,,,,2026-02-28 02:24:51,2026-02-28 02:24:51,,,,2026-10-18 00:00:00,2026-11-16 00:00:00,0,4
60082,60002,420068,2021-12-02 00:00:00,2022-12-01 00:00:00,2023-12-01 00:00:00,,,30,1,,,,,0,,,,,,concluida,0,0," [Liquidação automática] Férias anteriores a 2024 - consideradas pagas e liquidadas em 01/12/2023.",,,2026-02-28 02:24:51,2026-02-28 16:56:03,,,,2023-11-01 00:00:00,2023-11-30 00:00:00,0,1
60083,60002,420068,2022-12-02 00:00:00,2023-12-01 00:00:00,2024-12-01 00:00:00,,,30,1,,,,,0,,,,,,concluida,1,0,Férias confirmadas como pagas por Felipe Costa Alves em 28/02/2026,Felipe Costa Alves,601043,2026-02-28 02:24:51,2026-02-28 17:25:42,,,,2024-11-01 00:00:00,2024-11-30 00:00:00,0,2
60084,60002,420068,2023-12-02 00:00:00,2024-12-01 00:00:00,2025-12-01 00:00:00,,,30,1,,,,,0,,,,,,concluida,1,0,Férias confirmadas como pagas por Felipe Costa Alves em 28/02/2026,Felipe Costa Alves,601043,2026-02-28 02:24:51,2026-02-28 17:28:41,,,,2025-11-01 00:00:00,2025-11-30 00:00:00,0,3
60085,60002,420068,2024-12-02 00:00:00,2025-12-01 00:00:00,2026-12-01 00:00:00,,,30,1,,,,,0,,,,,,pendente,0,0,,,,2026-02-28 02:24:51,2026-02-28 02:24:51,,,,2026-11-01 00:00:00,2026-11-30 00:00:00,0,4
60086,60002,420069,2022-07-11 00:00:00,2023-07-10 00:00:00,2024-07-10 00:00:00,,,30,1,,,,,0,,,,,,concluida,1,0,Férias confirmadas como pagas por Felipe Costa Alves em 28/02/2026,Felipe Costa Alves,601043,2026-02-28 02:24:51,2026-02-28 17:25:43,,,,2024-06-10 00:00:00,2024-07-09 00:00:00,0,1
60087,60002,420069,2023-07-11 00:00:00,2024-07-10 00:00:00,2025-07-10 00:00:00,,,30,1,,,,,0,,,,,,concluida,1,0,Férias confirmadas como pagas por Felipe Costa Alves em 28/02/2026,Felipe Costa Alves,601043,2026-02-28 02:24:51,2026-02-28 17:28:42,,,,2025-06-10 00:00:00,2025-07-09 00:00:00,0,2
60088,60002,420069,2024-07-11 00:00:00,2025-07-10 00:00:00,2026-07-10 00:00:00,,,30,1,,,,,0,,,,,,pendente,0,0,,,,2026-02-28 02:24:51,2026-02-28 02:24:51,,,,2026-06-10 00:00:00,2026-07-09 00:00:00,0,3
60089,60002,420070,2022-09-27 00:00:00,2023-09-26 00:00:00,2024-09-26 00:00:00,,,30,1,,,,,0,,,,,,concluida,1,0,Férias confirmadas como pagas por Felipe Costa Alves em 28/02/2026,Felipe Costa Alves,601043,2026-02-28 02:24:51,2026-02-28 17:25:45,,,,2024-08-27 00:00:00,2024-09-25 00:00:00,0,1
60090,60002,420070,2023-09-27 00:00:00,2024-09-26 00:00:00,2025-09-26 00:00:00,,,30,1,,,,,0,,,,,,concluida,1,0,Férias confirmadas como pagas por Felipe Costa Alves em 28/02/2026,Felipe Costa Alves,601043,2026-02-28 02:24:51,2026-02-28 17:28:43,,,,2025-08-27 00:00:00,2025-09-25 00:00:00,0,2
60091,60002,420070,2024-09-27 00:00:00,2025-09-26 00:00:00,2026-09-26 00:00:00,,,30,1,,,,,0,,,,,,pendente,0,0,,,,2026-02-28 02:24:51,2026-02-28 02:24:51,,,,2026-08-27 00:00:00,2026-09-25 00:00:00,0,3
60092,60002,420071,2022-12-22 00:00:00,2023-12-21 00:00:00,2024-12-21 00:00:00,,,30,1,,,,,0,,,,,,concluida,1,0,Férias confirmadas como pagas por Felipe Costa Alves em 28/02/2026,Felipe Costa Alves,601043,2026-02-28 02:24:51,2026-02-28 17:28:44,,,,2024-11-21 00:00:00,2024-12-20 00:00:00,0,1
60093,60002,420071,2023-12-22 00:00:00,2024-12-21 00:00:00,2025-12-21 00:00:00,,,30,1,,,,,0,,,,,,concluida,1,0,Férias confirmadas como pagas por Felipe Costa Alves em 28/02/2026,Felipe Costa Alves,601043,2026-02-28 02:24:51,2026-02-28 17:28:45,,,,2025-11-21 00:00:00,2025-12-20 00:00:00,0,2
60094,60002,420071,2024-12-22 00:00:00,2025-12-21 00:00:00,2026-12-21 00:00:00,,,30,1,,,,,0,,,,,,pendente,0,0,,,,2026-02-28 02:24:51,2026-02-28 02:24:51,,,,2026-11-21 00:00:00,2026-12-20 00:00:00,0,3
60095,60002,420072,2023-04-13 00:00:00,2024-04-12 00:00:00,2025-04-12 00:00:00,,,30,1,,,,,0,,,,,,concluida,1,0,Férias confirmadas como pagas por Felipe Costa Alves em 28/02/2026,Felipe Costa Alves,601043,2026-02-28 02:24:51,2026-02-28 17:28:46,,,,2025-03-13 00:00:00,2025-04-11 00:00:00,0,1
60096,60002,420072,2024-04-13 00:00:00,2025-04-12 00:00:00,2026-04-12 00:00:00,,,30,1,,,,,0,,,,,,pendente,0,0,,,,2026-02-28 02:24:51,2026-02-28 02:24:51,,,,2026-03-13 00:00:00,2026-04-11 00:00:00,0,2
60097,60002,420073,2023-04-24 00:00:00,2024-04-23 00:00:00,2025-04-23 00:00:00,,,30,1,,,,,0,,,,,,concluida,1,0,Férias confirmadas como pagas por Felipe Costa Alves em 28/02/2026,Felipe Costa Alves,601043,2026-02-28 02:24:51,2026-02-28 17:28:47,,,,2025-03-24 00:00:00,2025-04-22 00:00:00,0,1
60098,60002,420073,2024-04-24 00:00:00,2025-04-23 00:00:00,2026-04-23 00:00:00,,,30,1,,,,,0,,,,,,pendente,0,0,,,,2026-02-28 02:24:51,2026-02-28 02:24:51,,,,2026-03-24 00:00:00,2026-04-22 00:00:00,0,2
60099,60002,420074,2023-04-24 00:00:00,2024-04-23 00:00:00,2025-04-23 00:00:00,,,30,1,,,,,0,,,,,,concluida,1,0,Férias confirmadas como pagas por Felipe Costa Alves em 28/02/2026,Felipe Costa Alves,601043,2026-02-28 02:24:51,2026-02-28 17:28:48,,,,2025-03-24 00:00:00,2025-04-22 00:00:00,0,1
60100,60002,420074,2024-04-24 00:00:00,2025-04-23 00:00:00,2026-04-23 00:00:00,,,30,1,,,,,0,,,,,,pendente,0,0,,,,2026-02-28 02:24:51,2026-02-28 02:24:51,,,,2026-03-24 00:00:00,2026-04-22 00:00:00,0,2
60101,60002,420075,2023-05-02 00:00:00,2024-05-01 00:00:00,2025-05-01 00:00:00,,,30,1,,,,,0,,,,,,concluida,1,0,Férias confirmadas como pagas por Felipe Costa Alves em 28/02/2026,Felipe Costa Alves,601043,2026-02-28 02:24:51,2026-02-28 17:28:48,,,,2025-04-01 00:00:00,2025-04-30 00:00:00,0,1
60102,60002,420075,2024-05-02 00:00:00,2025-05-01 00:00:00,2026-05-01 00:00:00,,,30,1,,,,,0,,,,,,pendente,0,0,,,,2026-02-28 02:24:51,2026-02-28 02:24:51,,,,2026-04-01 00:00:00,2026-04-30 00:00:00,0,2
60103,60002,420076,2023-06-01 00:00:00,2024-05-31 00:00:00,2025-05-31 00:00:00,,,30,1,,,,,0,,,,,,concluida,1,0,Férias confirmadas como pagas por Felipe Costa Alves em 28/02/2026,Felipe Costa Alves,601043,2026-02-28 02:24:52,2026-02-28 17:28:49,,,,2025-05-01 00:00:00,2025-05-30 00:00:00,0,1
60104,60002,420076,2024-06-01 00:00:00,2025-05-31 00:00:00,2026-05-31 00:00:00,,,30,1,,,,,0,,,,,,pendente,0,0,,,,2026-02-28 02:24:52,2026-02-28 02:24:52,,,,2026-05-01 00:00:00,2026-05-30 00:00:00,0,2
60105,60002,420077,2023-06-01 00:00:00,2024-05-31 00:00:00,2025-05-31 00:00:00,,,30,1,,,,,0,,,,,,concluida,1,0,Férias confirmadas como pagas por Felipe Costa Alves em 28/02/2026,Felipe Costa Alves,601043,2026-02-28 02:24:52,2026-02-28 17:28:50,,,,2025-05-01 00:00:00,2025-05-30 00:00:00,0,1
60106,60002,420077,2024-06-01 00:00:00,2025-05-31 00:00:00,2026-05-31 00:00:00,,,30,1,,,,,0,,,,,,pendente,0,0,,,,2026-02-28 02:24:52,2026-02-28 02:24:52,,,,2026-05-01 00:00:00,2026-05-30 00:00:00,0,2
60107,60002,420078,2023-06-01 00:00:00,2024-05-31 00:00:00,2025-05-31 00:00:00,,,30,1,,,,,0,,,,,,concluida,1,0,Férias confirmadas como pagas por Felipe Costa Alves em 28/02/2026,Felipe Costa Alves,601043,2026-02-28 02:24:52,2026-02-28 17:28:51,,,,2025-05-01 00:00:00,2025-05-30 00:00:00,0,1
60108,60002,420078,2024-06-01 00:00:00,2025-05-31 00:00:00,2026-05-31 00:00:00,,,30,1,,,,,0,,,,,,pendente,0,0,,,,2026-02-28 02:24:52,2026-02-28 02:24:52,,,,2026-05-01 00:00:00,2026-05-30 00:00:00,0,2
60109,60002,420079,2023-06-12 00:00:00,2024-06-11 00:00:00,2025-06-11 00:00:00,,,30,1,,,,,0,,,,,,concluida,1,0,Férias confirmadas como pagas por Felipe Costa Alves em 28/02/2026,Felipe Costa Alves,601043,2026-02-28 02:24:52,2026-02-28 17:28:52,,,,2025-05-12 00:00:00,2025-06-10 00:00:00,0,1
60110,60002,420079,2024-06-12 00:00:00,2025-06-11 00:00:00,2026-06-11 00:00:00,,,30,1,,,,,0,,,,,,pendente,0,0,,,,2026-02-28 02:24:52,2026-02-28 02:24:52,,,,2026-05-12 00:00:00,2026-06-10 00:00:00,0,2
60111,60002,420080,2023-06-14 00:00:00,2024-06-13 00:00:00,2025-06-13 00:00:00,,,30,1,,,,,0,,,,,,concluida,1,0,Férias confirmadas como pagas por Felipe Costa Alves em 28/02/2026,Felipe Costa Alves,601043,2026-02-28 02:24:52,2026-02-28 17:28:52,,,,2025-05-14 00:00:00,2025-06-12 00:00:00,0,1
60112,60002,420080,2024-06-14 00:00:00,2025-06-13 00:00:00,2026-06-13 00:00:00,,,30,1,,,,,0,,,,,,pendente,0,0,,,,2026-02-28 02:24:52,2026-02-28 02:24:52,,,,2026-05-14 00:00:00,2026-06-12 00:00:00,0,2
60113,60002,420081,2023-07-03 00:00:00,2024-07-02 00:00:00,2025-07-02 00:00:00,,,30,1,,,,,0,,,,,,concluida,1,0,Férias confirmadas como pagas por Felipe Costa Alves em 28/02/2026,Felipe Costa Alves,601043,2026-02-28 02:24:52,2026-02-28 17:28:53,,,,2025-06-02 00:00:00,2025-07-01 00:00:00,0,1
60114,60002,420081,2024-07-03 00:00:00,2025-07-02 00:00:00,2026-07-02 00:00:00,,,30,1,,,,,0,,,,,,pendente,0,0,,,,2026-02-28 02:24:52,2026-02-28 02:24:52,,,,2026-06-02 00:00:00,2026-07-01 00:00:00,0,2
60115,60002,420082,2023-07-24 00:00:00,2024-07-23 00:00:00,2025-07-23 00:00:00,,,30,1,,,,,0,,,,,,concluida,1,0,Férias confirmadas como pagas por Felipe Costa Alves em 28/02/2026,Felipe Costa Alves,601043,2026-02-28 02:24:52,2026-02-28 17:28:54,,,,2025-06-23 00:00:00,2025-07-22 00:00:00,0,1
60116,60002,420082,2024-07-24 00:00:00,2025-07-23 00:00:00,2026-07-23 00:00:00,,,30,1,,,,,0,,,,,,pendente,0,0,,,,2026-02-28 02:24:52,2026-02-28 02:24:52,,,,2026-06-23 00:00:00,2026-07-22 00:00:00,0,2
60117,60002,420083,2023-07-24 00:00:00,2024-07-23 00:00:00,2025-07-23 00:00:00,,,30,1,,,,,0,,,,,,concluida,1,0,Férias confirmadas como pagas por Felipe Costa Alves em 28/02/2026,Felipe Costa Alves,601043,2026-02-28 02:24:52,2026-02-28 17:28:55,,,,2025-06-23 00:00:00,2025-07-22 00:00:00,0,1
60118,60002,420083,2024-07-24 00:00:00,2025-07-23 00:00:00,2026-07-23 00:00:00,,,30,1,,,,,0,,,,,,pendente,0,0,,,,2026-02-28 02:24:52,2026-02-28 02:24:52,,,,2026-06-23 00:00:00,2026-07-22 00:00:00,0,2
60119,60002,420084,2023-08-30 00:00:00,2024-08-29 00:00:00,2025-08-29 00:00:00,,,30,1,,,,,0,,,,,,concluida,1,0,Férias confirmadas como pagas por Felipe Costa Alves em 28/02/2026,Felipe Costa Alves,601043,2026-02-28 02:24:52,2026-02-28 17:28:56,,,,2025-07-30 00:00:00,2025-08-28 00:00:00,0,1
60120,60002,420084,2024-08-30 00:00:00,2025-08-29 00:00:00,2026-08-29 00:00:00,,,30,1,,,,,0,,,,,,pendente,0,0,,,,2026-02-28 02:24:52,2026-02-28 02:24:52,,,,2026-07-30 00:00:00,2026-08-28 00:00:00,0,2
60121,60002,420085,2023-09-20 00:00:00,2024-09-19 00:00:00,2025-09-19 00:00:00,,,30,1,,,,,0,,,,,,concluida,1,0,Férias confirmadas como pagas por Felipe Costa Alves em 28/02/2026,Felipe Costa Alves,601043,2026-02-28 02:24:52,2026-02-28 17:29:16,,,,2025-08-20 00:00:00,2025-09-18 00:00:00,0,1
60122,60002,420085,2024-09-20 00:00:00,2025-09-19 00:00:00,2026-09-19 00:00:00,,,30,1,,,,,0,,,,,,pendente,0,0,,,,2026-02-28 02:24:52,2026-02-28 02:24:52,,,,2026-08-20 00:00:00,2026-09-18 00:00:00,0,2
60123,60002,420086,2023-09-20 00:00:00,2024-09-19 00:00:00,2025-09-19 00:00:00,,,30,1,,,,,0,,,,,,concluida,1,0,Férias confirmadas como pagas por Felipe Costa Alves em 28/02/2026,Felipe Costa Alves,601043,2026-02-28 02:24:52,2026-02-28 17:29:18,,,,2025-08-20 00:00:00,2025-09-18 00:00:00,0,1
60124,60002,420086,2024-09-20 00:00:00,2025-09-19 00:00:00,2026-09-19 00:00:00,,,30,1,,,,,0,,,,,,pendente,0,0,,,,2026-02-28 02:24:52,2026-02-28 02:24:52,,,,2026-08-20 00:00:00,2026-09-18 00:00:00,0,2
60125,60002,420087,2023-10-09 00:00:00,2024-10-08 00:00:00,2025-10-08 00:00:00,,,30,1,,,,,0,,,,,,concluida,1,0,Férias confirmadas como pagas por Felipe Costa Alves em 28/02/2026,Felipe Costa Alves,601043,2026-02-28 02:24:52,2026-02-28 17:29:20,,,,2025-09-08 00:00:00,2025-10-07 00:00:00,0,1
60126,60002,420087,2024-10-09 00:00:00,2025-10-08 00:00:00,2026-10-08 00:00:00,,,30,1,,,,,0,,,,,,pendente,0,0,,,,2026-02-28 02:24:52,2026-02-28 02:24:52,,,,2026-09-08 00:00:00,2026-10-07 00:00:00,0,2
60127,60002,420088,2023-10-25 00:00:00,2024-10-24 00:00:00,2025-10-24 00:00:00,,,30,1,,,,,0,,,,,,concluida,1,0,Férias confirmadas como pagas por Felipe Costa Alves em 28/02/2026,Felipe Costa Alves,601043,2026-02-28 02:24:52,2026-02-28 17:29:21,,,,2025-09-24 00:00:00,2025-10-23 00:00:00,0,1
60128,60002,420088,2024-10-25 00:00:00,2025-10-24 00:00:00,2026-10-24 00:00:00,,,30,1,,,,,0,,,,,,pendente,0,0,,,,2026-02-28 02:24:52,2026-02-28 02:24:52,,,,2026-09-24 00:00:00,2026-10-23 00:00:00,0,2
60129,60002,420089,2023-10-25 00:00:00,2024-10-24 00:00:00,2025-10-24 00:00:00,,,30,1,,,,,0,,,,,,concluida,1,0,Férias confirmadas como pagas por Felipe Costa Alves em 28/02/2026,Felipe Costa Alves,601043,2026-02-28 02:24:52,2026-02-28 17:29:22,,,,2025-09-24 00:00:00,2025-10-23 00:00:00,0,1
60130,60002,420089,2024-10-25 00:00:00,2025-10-24 00:00:00,2026-10-24 00:00:00,,,30,1,,,,,0,,,,,,pendente,0,0,,,,2026-02-28 02:24:52,2026-02-28 02:24:52,,,,2026-09-24 00:00:00,2026-10-23 00:00:00,0,2
60131,60002,420090,2023-10-26 00:00:00,2024-10-25 00:00:00,2025-10-25 00:00:00,,,30,1,,,,,0,,,,,,concluida,1,0,Férias confirmadas como pagas por Felipe Costa Alves em 28/02/2026,Felipe Costa Alves,601043,2026-02-28 02:24:52,2026-02-28 17:29:23,,,,2025-09-25 00:00:00,2025-10-24 00:00:00,0,1
60132,60002,420090,2024-10-26 00:00:00,2025-10-25 00:00:00,2026-10-25 00:00:00,,,30,1,,,,,0,,,,,,pendente,0,0,,,,2026-02-28 02:24:52,2026-02-28 02:24:52,,,,2026-09-25 00:00:00,2026-10-24 00:00:00,0,2
60133,60002,420091,2023-11-06 00:00:00,2024-11-05 00:00:00,2025-11-05 00:00:00,,,30,1,,,,,0,,,,,,concluida,1,0,Férias confirmadas como pagas por Felipe Costa Alves em 28/02/2026,Felipe Costa Alves,601043,2026-02-28 02:24:52,2026-02-28 17:29:24,,,,2025-10-06 00:00:00,2025-11-04 00:00:00,0,1
60134,60002,420091,2024-11-06 00:00:00,2025-11-05 00:00:00,2026-11-05 00:00:00,,,30,1,,,,,0,,,,,,pendente,0,0,,,,2026-02-28 02:24:52,2026-02-28 02:24:52,,,,2026-10-06 00:00:00,2026-11-04 00:00:00,0,2
60135,60002,420092,2023-11-13 00:00:00,2024-11-12 00:00:00,2025-11-12 00:00:00,,,30,1,,,,,0,,,,,,concluida,1,0,Férias confirmadas como pagas por Felipe Costa Alves em 28/02/2026,Felipe Costa Alves,601043,2026-02-28 02:24:52,2026-02-28 17:29:25,,,,2025-10-13 00:00:00,2025-11-11 00:00:00,0,1
60136,60002,420092,2024-11-13 00:00:00,2025-11-12 00:00:00,2026-11-12 00:00:00,,,30,1,,,,,0,,,,,,pendente,0,0,,,,2026-02-28 02:24:52,2026-02-28 02:24:52,,,,2026-10-13 00:00:00,2026-11-11 00:00:00,0,2
60137,60002,420093,2023-11-16 00:00:00,2024-11-15 00:00:00,2025-11-15 00:00:00,,,30,1,,,,,0,,,,,,concluida,1,0,Férias confirmadas como pagas por Felipe Costa Alves em 28/02/2026,Felipe Costa Alves,601043,2026-02-28 02:24:52,2026-02-28 17:29:26,,,,2025-10-16 00:00:00,2025-11-14 00:00:00,0,1
60138,60002,420093,2024-11-16 00:00:00,2025-11-15 00:00:00,2026-11-15 00:00:00,,,30,1,,,,,0,,,,,,pendente,0,0,,,,2026-02-28 02:24:52,2026-02-28 02:24:52,,,,2026-10-16 00:00:00,2026-11-14 00:00:00,0,2
60139,60002,420094,2023-12-04 00:00:00,2024-12-03 00:00:00,2025-12-03 00:00:00,,,30,1,,,,,0,,,,,,concluida,1,0,Férias confirmadas como pagas por Felipe Costa Alves em 28/02/2026,Felipe Costa Alves,601043,2026-02-28 02:24:52,2026-02-28 17:29:27,,,,2025-11-03 00:00:00,2025-12-02 00:00:00,0,1
60140,60002,420094,2024-12-04 00:00:00,2025-12-03 00:00:00,2026-12-03 00:00:00,,,30,1,,,,,0,,,,,,pendente,0,0,,,,2026-02-28 02:24:52,2026-02-28 02:24:52,,,,2026-11-03 00:00:00,2026-12-02 00:00:00,0,2
60141,60002,420095,2023-12-04 00:00:00,2024-12-03 00:00:00,2025-12-03 00:00:00,,,30,1,,,,,0,,,,,,concluida,1,0,Férias confirmadas como pagas por Felipe Costa Alves em 28/02/2026,Felipe Costa Alves,601043,2026-02-28 02:24:52,2026-02-28 17:29:29,,,,2025-11-03 00:00:00,2025-12-02 00:00:00,0,1
60142,60002,420095,2024-12-04 00:00:00,2025-12-03 00:00:00,2026-12-03 00:00:00,,,30,1,,,,,0,,,,,,pendente,0,0,,,,2026-02-28 02:24:52,2026-02-28 02:24:52,,,,2026-11-03 00:00:00,2026-12-02 00:00:00,0,2
60143,60002,420096,2023-12-04 00:00:00,2024-12-03 00:00:00,2025-12-03 00:00:00,,,30,1,,,,,0,,,,,,concluida,1,0,Férias confirmadas como pagas por Felipe Costa Alves em 28/02/2026,Felipe Costa Alves,601043,2026-02-28 02:24:52,2026-02-28 17:29:29,,,,2025-11-03 00:00:00,2025-12-02 00:00:00,0,1
60144,60002,420096,2024-12-04 00:00:00,2025-12-03 00:00:00,2026-12-03 00:00:00,,,30,1,,,,,0,,,,,,pendente,0,0,,,,2026-02-28 02:24:52,2026-02-28 02:24:52,,,,2026-11-03 00:00:00,2026-12-02 00:00:00,0,2
60145,60002,420097,2023-12-13 00:00:00,2024-12-12 00:00:00,2025-12-12 00:00:00,,,30,1,,,,,0,,,,,,concluida,1,0,Férias confirmadas como pagas por Felipe Costa Alves em 28/02/2026,Felipe Costa Alves,601043,2026-02-28 02:24:52,2026-02-28 17:29:11,,,,2025-11-12 00:00:00,2025-12-11 00:00:00,0,1
60146,60002,420097,2024-12-13 00:00:00,2025-12-12 00:00:00,2026-12-12 00:00:00,,,30,1,,,,,0,,,,,,pendente,0,0,,,,2026-02-28 02:24:52,2026-02-28 02:24:52,,,,2026-11-12 00:00:00,2026-12-11 00:00:00,0,2
60147,60002,420098,2024-01-08 00:00:00,2025-01-07 00:00:00,2026-01-07 00:00:00,,,30,1,,,,,0,,,,,,concluida,1,0,Férias confirmadas como pagas por Ana Beatriz  Silva Conceição em 02/03/2026,Ana Beatriz  Silva Conceição,570172,2026-02-28 02:24:52,2026-03-02 00:08:16,,,,2025-12-08 00:00:00,2026-01-06 00:00:00,0,1
60148,60002,420098,2025-01-08 00:00:00,2026-01-07 00:00:00,2027-01-07 00:00:00,,,30,1,,,,,0,,,,,,pendente,0,0,,,,2026-02-28 02:24:52,2026-02-28 02:24:52,,,,2026-12-08 00:00:00,2027-01-06 00:00:00,0,2
60149,60002,420099,2024-01-23 00:00:00,2025-01-22 00:00:00,2026-01-22 00:00:00,,,30,1,,,,,0,,,,,,concluida,1,0,Férias confirmadas como pagas por Ana Beatriz  Silva Conceição em 02/03/2026,Ana Beatriz  Silva Conceição,570172,2026-02-28 02:24:52,2026-03-10 01:28:07,2026-03-10 01:28:07,Felipe Costa Alves,601043,2025-12-23 00:00:00,2026-01-21 00:00:00,0,1
60150,60002,420099,2025-01-23 00:00:00,2026-01-22 00:00:00,2027-01-22 00:00:00,2026-03-09 00:00:00,2026-04-09 00:00:00,30,1,,,,,0,2437.60,812.53,,3250.13,2026-03-07 00:00:00,em_gozo,0,0,Data alterada pelo RH (Felipe Costa Alves). Original: 2026-12-23 a 2027-01-21,Felipe Costa Alves,601043,2026-02-28 02:24:52,2026-03-10 01:27:52,,,,2026-12-23 00:00:00,2027-01-21 00:00:00,1,2
60151,60002,420100,2024-03-04 00:00:00,2025-03-03 00:00:00,2026-03-03 00:00:00,2026-03-04 00:00:00,2026-04-04 00:00:00,30,1,,,,,0,3319.80,1106.60,,4426.40,2026-03-02 00:00:00,em_gozo,0,0,Data alterada pelo RH (Felipe Costa Alves). Original: 2026-02-01 a 2026-03-02,Felipe Costa Alves,601043,2026-02-28 02:24:52,2026-03-05 14:31:32,,,,2026-02-01 00:00:00,2026-03-02 00:00:00,1,1
60152,60002,420101,2024-03-05 00:00:00,2025-03-04 00:00:00,2026-03-04 00:00:00,,,30,1,,,,,0,,,,,,pendente,0,0,,,,2026-02-28 02:24:52,2026-02-28 02:24:52,,,,2026-02-02 00:00:00,2026-03-03 00:00:00,0,1
60153,60002,420102,2024-03-11 00:00:00,2025-03-10 00:00:00,2026-03-10 00:00:00,,,30,1,,,,,0,,,,,,pendente,0,0,,,,2026-02-28 02:24:52,2026-02-28 02:24:52,,,,2026-02-08 00:00:00,2026-03-09 00:00:00,0,1
60154,60002,420103,2024-03-11 00:00:00,2025-03-10 00:00:00,2026-03-10 00:00:00,,,30,1,,,,,0,,,,,,pendente,0,0,,,,2026-02-28 02:24:52,2026-02-28 02:24:52,,,,2026-02-08 00:00:00,2026-03-09 00:00:00,0,1
60155,60002,420104,2024-03-11 00:00:00,2025-03-10 00:00:00,2026-03-10 00:00:00,,,30,1,,,,,0,,,,,,pendente,0,0,,,,2026-02-28 02:24:52,2026-02-28 02:24:52,,,,2026-02-08 00:00:00,2026-03-09 00:00:00,0,1
60156,60002,420105,2024-03-18 00:00:00,2025-03-17 00:00:00,2026-03-17 00:00:00,,,30,1,,,,,0,,,,,,pendente,0,0,,,,2026-02-28 02:24:52,2026-02-28 02:24:52,,,,2026-02-15 00:00:00,2026-03-16 00:00:00,0,1
60157,60002,420106,2024-03-18 00:00:00,2025-03-17 00:00:00,2026-03-17 00:00:00,,,30,1,,,,,0,,,,,,pendente,0,0,,,,2026-02-28 02:24:52,2026-02-28 02:24:52,,,,2026-02-15 00:00:00,2026-03-16 00:00:00,0,1
60158,60002,420107,2024-03-18 00:00:00,2025-03-17 00:00:00,2026-03-17 00:00:00,,,30,1,,,,,0,,,,,,pendente,0,0,,,,2026-02-28 02:24:52,2026-02-28 02:24:52,,,,2026-02-15 00:00:00,2026-03-16 00:00:00,0,1
60159,60002,420109,2024-05-07 00:00:00,2025-05-06 00:00:00,2026-05-06 00:00:00,,,30,1,,,,,0,,,,,,pendente,0,0,,,,2026-02-28 02:24:52,2026-02-28 02:24:52,,,,2026-04-06 00:00:00,2026-05-05 00:00:00,0,1
60160,60002,420110,2024-05-07 00:00:00,2025-05-06 00:00:00,2026-05-06 00:00:00,,,30,1,,,,,0,,,,,,pendente,0,0,,,,2026-02-28 02:24:52,2026-02-28 02:24:52,,,,2026-04-06 00:00:00,2026-05-05 00:00:00,0,1
60161,60002,420111,2024-07-10 00:00:00,2025-07-09 00:00:00,2026-07-09 00:00:00,,,30,1,,,,,0,,,,,,pendente,0,0,,,,2026-02-28 02:24:52,2026-02-28 02:24:52,,,,2026-06-09 00:00:00,2026-07-08 00:00:00,0,1
60162,60002,420112,2024-07-15 00:00:00,2025-07-14 00:00:00,2026-07-14 00:00:00,,,30,1,,,,,0,,,,,,pendente,0,0,,,,2026-02-28 02:24:52,2026-02-28 02:24:52,,,,2026-06-14 00:00:00,2026-07-13 00:00:00,0,1
60163,60002,420113,2024-08-06 00:00:00,2025-08-05 00:00:00,2026-08-05 00:00:00,,,30,1,,,,,0,,,,,,pendente,0,0,,,,2026-02-28 02:24:52,2026-02-28 02:24:52,,,,2026-07-06 00:00:00,2026-08-04 00:00:00,0,1
60164,60002,420114,2024-08-06 00:00:00,2025-08-05 00:00:00,2026-08-05 00:00:00,,,30,1,,,,,0,,,,,,pendente,0,0,,,,2026-02-28 02:24:52,2026-02-28 02:24:52,,,,2026-07-06 00:00:00,2026-08-04 00:00:00,0,1
60165,60002,420115,2024-10-23 00:00:00,2025-10-22 00:00:00,2026-10-22 00:00:00,,,30,1,,,,,0,,,,,,pendente,0,0,,,,2026-02-28 02:24:52,2026-02-28 02:24:52,,,,2026-09-22 00:00:00,2026-10-21 00:00:00,0,1
60166,60002,420116,2024-10-30 00:00:00,2025-10-29 00:00:00,2026-10-29 00:00:00,,,30,1,,,,,0,,,,,,pendente,0,0,,,,2026-02-28 02:24:52,2026-02-28 02:24:52,,,,2026-09-29 00:00:00,2026-10-28 00:00:00,0,1
60167,60002,420117,2024-10-30 00:00:00,2025-10-29 00:00:00,2026-10-29 00:00:00,,,30,1,,,,,0,,,,,,pendente,0,0,,,,2026-02-28 02:24:52,2026-02-28 02:24:52,,,,2026-09-29 00:00:00,2026-10-28 00:00:00,0,1
60168,60002,420118,2024-11-13 00:00:00,2025-11-12 00:00:00,2026-11-12 00:00:00,,,30,1,,,,,0,,,,,,pendente,0,0,,,,2026-02-28 02:24:53,2026-02-28 02:24:53,,,,2026-10-13 00:00:00,2026-11-11 00:00:00,0,1
60169,60002,420119,2025-01-16 00:00:00,2026-01-15 00:00:00,2027-01-15 00:00:00,,,30,1,,,,,0,,,,,,pendente,0,0,,,,2026-02-28 02:24:53,2026-02-28 02:24:53,,,,2026-12-16 00:00:00,2027-01-14 00:00:00,0,1
60170,60002,420120,2025-01-21 00:00:00,2026-01-20 00:00:00,2027-01-20 00:00:00,,,30,1,,,,,0,,,,,,pendente,0,0,,,,2026-02-28 02:24:53,2026-02-28 02:24:53,,,,2026-12-21 00:00:00,2027-01-19 00:00:00,0,1
60171,60002,420183,2023-01-23 00:00:00,2024-01-22 00:00:00,2025-01-22 00:00:00,,,30,1,,,,,0,,,,,,concluida,1,0,Férias confirmadas como pagas por Felipe Costa Alves em 28/02/2026,Felipe Costa Alves,601043,2026-02-28 02:24:53,2026-02-28 17:29:02,,,,2024-12-23 00:00:00,2025-01-21 00:00:00,0,1
60172,60002,420183,2024-01-23 00:00:00,2025-01-22 00:00:00,2026-01-22 00:00:00,,,30,1,,,,,0,,,,,,concluida,1,0,Férias confirmadas como pagas por Ana Beatriz  Silva Conceição em 02/03/2026,Ana Beatriz  Silva Conceição,570172,2026-02-28 02:24:53,2026-03-02 00:05:32,,,,2025-12-23 00:00:00,2026-01-21 00:00:00,0,2
60173,60002,420183,2025-01-23 00:00:00,2026-01-22 00:00:00,2027-01-22 00:00:00,,,30,1,,,,,0,,,,,,pendente,0,0,,,,2026-02-28 02:24:53,2026-02-28 02:24:53,,,,2026-12-23 00:00:00,2027-01-21 00:00:00,0,3
60174,60002,420184,2023-05-22 00:00:00,2024-05-21 00:00:00,2025-05-21 00:00:00,,,30,1,,,,,0,,,,,,concluida,1,0,Férias confirmadas como pagas (lote) por Felipe Costa Alves em 28/02/2026,Felipe Costa Alves,601043,2026-02-28 02:24:53,2026-02-28 17:29:05,,,,2025-04-21 00:00:00,2025-05-20 00:00:00,0,1
60175,60002,420184,2024-05-22 00:00:00,2025-05-21 00:00:00,2026-05-21 00:00:00,,,30,1,,,,,0,,,,,,pendente,0,0,,,,2026-02-28 02:24:53,2026-02-28 02:24:53,,,,2026-04-21 00:00:00,2026-05-20 00:00:00,0,2
60176,60002,420185,2023-09-13 00:00:00,2024-09-12 00:00:00,2025-09-12 00:00:00,,,30,1,,,,,0,,,,,,concluida,1,0,Férias confirmadas como pagas (lote) por Felipe Costa Alves em 28/02/2026,Felipe Costa Alves,601043,2026-02-28 02:24:53,2026-02-28 17:29:07,,,,2025-08-13 00:00:00,2025-09-11 00:00:00,0,1
60177,60002,420185,2024-09-13 00:00:00,2025-09-12 00:00:00,2026-09-12 00:00:00,,,30,1,,,,,0,,,,,,pendente,0,0,,,,2026-02-28 02:24:53,2026-02-28 02:24:53,,,,2026-08-13 00:00:00,2026-09-11 00:00:00,0,2
60178,60002,420187,2024-05-24 00:00:00,2025-05-23 00:00:00,2026-05-23 00:00:00,,,30,1,,,,,0,,,,,,pendente,0,0,,,,2026-02-28 02:24:53,2026-02-28 02:24:53,,,,2026-04-23 00:00:00,2026-05-22 00:00:00,0,1
60179,60002,420188,2024-06-03 00:00:00,2025-06-02 00:00:00,2026-06-02 00:00:00,,,30,1,,,,,0,,,,,,pendente,0,0,,,,2026-02-28 02:24:53,2026-02-28 02:24:53,,,,2026-05-03 00:00:00,2026-06-01 00:00:00,0,1
60180,60002,420191,2025-01-16 00:00:00,2026-01-15 00:00:00,2027-01-15 00:00:00,,,30,1,,,,,0,,,,,,pendente,0,0,,,,2026-02-28 02:24:53,2026-02-28 02:24:53,,,,2026-12-16 00:00:00,2027-01-14 00:00:00,0,1
60181,60002,420192,2025-01-23 00:00:00,2026-01-22 00:00:00,2027-01-22 00:00:00,,,30,1,,,,,0,,,,,,pendente,0,0,,,,2026-02-28 02:24:53,2026-02-28 02:24:53,,,,2026-12-23 00:00:00,2027-01-21 00:00:00,0,1
90001,60002,480001,2018-12-01 00:00:00,2019-11-30 00:00:00,2020-11-30 00:00:00,,,30,1,,,,,0,,,,,,concluida,1,0,Férias confirmadas como pagas (lote) por Ana Beatriz  Silva Conceição em 02/03/2026,Ana Beatriz  Silva Conceição,570172,2026-03-01 21:52:59,2026-03-07 15:44:42,2026-03-07 15:44:42,Felipe Costa Alves,601043,2020-10-31 00:00:00,2020-11-29 00:00:00,0,1
90002,60002,480001,2019-12-01 00:00:00,2020-11-30 00:00:00,2021-11-30 00:00:00,,,30,1,,,,,0,,,,,,concluida,1,0,Férias confirmadas como pagas (lote) por Ana Beatriz  Silva Conceição em 02/03/2026,Ana Beatriz  Silva Conceição,570172,2026-03-01 21:52:59,2026-03-02 00:05:27,,,,2021-10-31 00:00:00,2021-11-29 00:00:00,0,2
90003,60002,480001,2020-12-01 00:00:00,2021-11-30 00:00:00,2022-11-30 00:00:00,,,30,1,,,,,0,,,,,,concluida,1,0,Férias confirmadas como pagas (lote) por Ana Beatriz  Silva Conceição em 02/03/2026,Ana Beatriz  Silva Conceição,570172,2026-03-01 21:52:59,2026-03-02 00:05:27,,,,2022-10-31 00:00:00,2022-11-29 00:00:00,0,3
90004,60002,480001,2021-12-01 00:00:00,2022-11-30 00:00:00,2023-11-30 00:00:00,,,30,1,,,,,0,,,,,,concluida,1,0,Férias confirmadas como pagas (lote) por Ana Beatriz  Silva Conceição em 02/03/2026,Ana Beatriz  Silva Conceição,570172,2026-03-01 21:52:59,2026-03-02 00:05:27,,,,2023-10-31 00:00:00,2023-11-29 00:00:00,0,4
90005,60002,480001,2022-12-01 00:00:00,2023-11-30 00:00:00,2024-11-30 00:00:00,,,30,1,,,,,0,,,,,,concluida,1,0,Férias confirmadas como pagas (lote) por Ana Beatriz  Silva Conceição em 02/03/2026,Ana Beatriz  Silva Conceição,570172,2026-03-01 21:52:59,2026-03-02 00:05:27,,,,2024-10-31 00:00:00,2024-11-29 00:00:00,0,5
90006,60002,480001,2023-12-01 00:00:00,2024-11-30 00:00:00,2025-11-30 00:00:00,,,30,1,,,,,0,,,,,,concluida,1,0,Férias confirmadas como pagas (lote) por Ana Beatriz  Silva Conceição em 02/03/2026,Ana Beatriz  Silva Conceição,570172,2026-03-01 21:52:59,2026-03-02 00:05:27,,,,2025-10-31 00:00:00,2025-11-29 00:00:00,0,6
90007,60002,480001,2024-12-01 00:00:00,2025-11-30 00:00:00,2026-11-30 00:00:00,,,30,1,,,,,0,,,,,,pendente,0,0,,,,2026-03-01 21:52:59,2026-03-01 21:52:59,,,,2026-10-31 00:00:00,2026-11-29 00:00:00,0,7
120001,60005,1200013,2024-11-01 00:00:00,2025-10-31 00:00:00,2026-09-01 00:00:00,2026-02-11 00:00:00,2026-03-12 00:00:00,30,1,,,,,0,3482.60,1160.87,0.00,4643.47,2026-02-09 00:00:00,concluida,0,0,,Isabela Augusta da Silva Velloso Monteiro,990252,2026-03-05 20:40:09,2026-03-13 00:14:22,,,,,,0,1
150001,60005,1200002,2016-01-06 00:00:00,2017-01-05 00:00:00,2018-01-05 00:00:00,,,30,1,,,,,0,,,,,,concluida,1,0,Férias confirmadas como pagas por Felipe Costa Alves em 06/03/2026,Felipe Costa Alves,601043,2026-03-06 01:18:08,2026-03-06 01:18:42,,,,2017-12-06 00:00:00,2018-01-04 00:00:00,0,1
150002,60005,1200002,2017-01-06 00:00:00,2018-01-05 00:00:00,2019-01-05 00:00:00,,,30,1,,,,,0,,,,,,concluida,1,0,Férias confirmadas como pagas por Felipe Costa Alves em 06/03/2026,Felipe Costa Alves,601043,2026-03-06 01:18:08,2026-03-06 01:18:44,,,,2018-12-06 00:00:00,2019-01-04 00:00:00,0,2
150003,60005,1200002,2018-01-06 00:00:00,2019-01-05 00:00:00,2020-01-05 00:00:00,,,30,1,,,,,0,,,,,,concluida,1,0,Férias confirmadas como pagas por Felipe Costa Alves em 06/03/2026,Felipe Costa Alves,601043,2026-03-06 01:18:08,2026-03-06 01:18:45,,,,2019-12-06 00:00:00,2020-01-04 00:00:00,0,3
150004,60005,1200002,2019-01-06 00:00:00,2020-01-05 00:00:00,2021-01-05 00:00:00,,,30,1,,,,,0,,,,,,concluida,1,0,Férias confirmadas como pagas por Felipe Costa Alves em 06/03/2026,Felipe Costa Alves,601043,2026-03-06 01:18:09,2026-03-06 01:18:46,,,,2020-12-06 00:00:00,2021-01-04 00:00:00,0,4
150005,60005,1200002,2020-01-06 00:00:00,2021-01-05 00:00:00,2022-01-05 00:00:00,,,30,1,,,,,0,,,,,,concluida,1,0,Férias confirmadas como pagas por Felipe Costa Alves em 06/03/2026,Felipe Costa Alves,601043,2026-03-06 01:18:09,2026-03-06 01:18:47,,,,2021-12-06 00:00:00,2022-01-04 00:00:00,0,5
150006,60005,1200002,2021-01-06 00:00:00,2022-01-05 00:00:00,2023-01-05 00:00:00,,,30,1,,,,,0,,,,,,concluida,1,0,Férias confirmadas como pagas por Felipe Costa Alves em 06/03/2026,Felipe Costa Alves,601043,2026-03-06 01:18:09,2026-03-06 01:18:48,,,,2022-12-06 00:00:00,2023-01-04 00:00:00,0,6
150007,60005,1200002,2022-01-06 00:00:00,2023-01-05 00:00:00,2024-01-05 00:00:00,,,30,1,,,,,0,,,,,,concluida,1,0,Férias confirmadas como pagas por Felipe Costa Alves em 06/03/2026,Felipe Costa Alves,601043,2026-03-06 01:18:09,2026-03-06 01:18:49,,,,2023-12-06 00:00:00,2024-01-04 00:00:00,0,7
150008,60005,1200002,2023-01-06 00:00:00,2024-01-05 00:00:00,2025-01-05 00:00:00,,,30,1,,,,,0,,,,,,concluida,1,0,Férias confirmadas como pagas por Felipe Costa Alves em 06/03/2026,Felipe Costa Alves,601043,2026-03-06 01:18:09,2026-03-06 01:18:57,,,,2024-12-06 00:00:00,2025-01-04 00:00:00,0,8
150009,60005,1200002,2024-01-06 00:00:00,2025-01-05 00:00:00,2026-01-05 00:00:00,,,30,1,,,,,0,,,,,,vencida,1,0,,,,2026-03-06 01:18:09,2026-03-06 01:18:09,,,,2025-12-06 00:00:00,2026-01-04 00:00:00,0,9
150010,60005,1200002,2025-01-06 00:00:00,2026-01-05 00:00:00,2027-01-05 00:00:00,,,30,1,,,,,0,,,,,,pendente,0,0,,,,2026-03-06 01:18:09,2026-03-06 01:18:09,,,,2026-12-06 00:00:00,2027-01-04 00:00:00,0,10
150011,60005,1200004,2016-11-01 00:00:00,2017-10-31 00:00:00,2018-10-31 00:00:00,,,30,1,,,,,0,,,,,,vencida,1,0,,,,2026-03-06 01:18:09,2026-03-06 01:18:09,,,,2018-10-01 00:00:00,2018-10-30 00:00:00,0,1
150012,60005,1200004,2017-11-01 00:00:00,2018-10-31 00:00:00,2019-10-31 00:00:00,,,30,1,,,,,0,,,,,,vencida,1,0,,,,2026-03-06 01:18:09,2026-03-06 01:18:09,,,,2019-10-01 00:00:00,2019-10-30 00:00:00,0,2
150013,60005,1200004,2018-11-01 00:00:00,2019-10-31 00:00:00,2020-10-31 00:00:00,,,30,1,,,,,0,,,,,,vencida,1,0,,,,2026-03-06 01:18:09,2026-03-06 01:18:09,,,,2020-10-01 00:00:00,2020-10-30 00:00:00,0,3
150014,60005,1200004,2019-11-01 00:00:00,2020-10-31 00:00:00,2021-10-31 00:00:00,,,30,1,,,,,0,,,,,,vencida,1,0,,,,2026-03-06 01:18:09,2026-03-06 01:18:09,,,,2021-10-01 00:00:00,2021-10-30 00:00:00,0,4
150015,60005,1200004,2020-11-01 00:00:00,2021-10-31 00:00:00,2022-10-31 00:00:00,,,30,1,,,,,0,,,,,,vencida,1,0,,,,2026-03-06 01:18:09,2026-03-06 01:18:09,,,,2022-10-01 00:00:00,2022-10-30 00:00:00,0,5
150016,60005,1200004,2021-11-01 00:00:00,2022-10-31 00:00:00,2023-10-31 00:00:00,,,30,1,,,,,0,,,,,,vencida,1,0,,,,2026-03-06 01:18:09,2026-03-06 01:18:09,,,,2023-10-01 00:00:00,2023-10-30 00:00:00,0,6
150017,60005,1200004,2022-11-01 00:00:00,2023-10-31 00:00:00,2024-10-31 00:00:00,,,30,1,,,,,0,,,,,,vencida,1,0,,,,2026-03-06 01:18:09,2026-03-06 01:18:09,,,,2024-10-01 00:00:00,2024-10-30 00:00:00,0,7
150018,60005,1200004,2023-11-01 00:00:00,2024-10-31 00:00:00,2025-10-31 00:00:00,,,30,1,,,,,0,,,,,,vencida,1,0,,,,2026-03-06 01:18:09,2026-03-06 01:18:09,,,,2025-10-01 00:00:00,2025-10-30 00:00:00,0,8
150019,60005,1200004,2024-11-01 00:00:00,2025-10-31 00:00:00,2026-10-31 00:00:00,,,30,1,,,,,0,,,,,,pendente,0,0,,,,2026-03-06 01:18:09,2026-03-06 01:18:09,,,,2026-10-01 00:00:00,2026-10-30 00:00:00,0,9
150020,60005,1200005,2016-02-01 00:00:00,2017-01-31 00:00:00,2018-01-31 00:00:00,,,30,1,,,,,0,,,,,,vencida,1,0,,,,2026-03-06 01:18:09,2026-03-06 01:18:09,,,,2018-01-01 00:00:00,2018-01-30 00:00:00,0,1
150021,60005,1200005,2017-02-01 00:00:00,2018-01-31 00:00:00,2019-01-31 00:00:00,,,30,1,,,,,0,,,,,,vencida,1,0,,,,2026-03-06 01:18:09,2026-03-06 01:18:09,,,,2019-01-01 00:00:00,2019-01-30 00:00:00,0,2
150022,60005,1200005,2018-02-01 00:00:00,2019-01-31 00:00:00,2020-01-31 00:00:00,,,30,1,,,,,0,,,,,,vencida,1,0,,,,2026-03-06 01:18:09,2026-03-06 01:18:09,,,,2020-01-01 00:00:00,2020-01-30 00:00:00,0,3
150023,60005,1200005,2019-02-01 00:00:00,2020-01-31 00:00:00,2021-01-31 00:00:00,,,30,1,,,,,0,,,,,,vencida,1,0,,,,2026-03-06 01:18:09,2026-03-06 01:18:09,,,,2021-01-01 00:00:00,2021-01-30 00:00:00,0,4
150024,60005,1200005,2020-02-01 00:00:00,2021-01-31 00:00:00,2022-01-31 00:00:00,,,30,1,,,,,0,,,,,,vencida,1,0,,,,2026-03-06 01:18:09,2026-03-06 01:18:09,,,,2022-01-01 00:00:00,2022-01-30 00:00:00,0,5
150025,60005,1200005,2021-02-01 00:00:00,2022-01-31 00:00:00,2023-01-31 00:00:00,,,30,1,,,,,0,,,,,,vencida,1,0,,,,2026-03-06 01:18:09,2026-03-06 01:18:09,,,,2023-01-01 00:00:00,2023-01-30 00:00:00,0,6
150026,60005,1200005,2022-02-01 00:00:00,2023-01-31 00:00:00,2024-01-31 00:00:00,,,30,1,,,,,0,,,,,,vencida,1,0,,,,2026-03-06 01:18:09,2026-03-06 01:18:09,,,,2024-01-01 00:00:00,2024-01-30 00:00:00,0,7
150027,60005,1200005,2023-02-01 00:00:00,2024-01-31 00:00:00,2025-01-31 00:00:00,,,30,1,,,,,0,,,,,,vencida,1,0,,,,2026-03-06 01:18:09,2026-03-06 01:18:09,,,,2025-01-01 00:00:00,2025-01-30 00:00:00,0,8
150028,60005,1200005,2024-02-01 00:00:00,2025-01-31 00:00:00,2026-01-31 00:00:00,,,30,1,,,,,0,,,,,,vencida,1,0,,,,2026-03-06 01:18:09,2026-03-06 01:18:09,,,,2026-01-01 00:00:00,2026-01-30 00:00:00,0,9
150029,60005,1200005,2025-02-01 00:00:00,2026-01-31 00:00:00,2027-01-31 00:00:00,,,30,1,,,,,0,,,,,,pendente,0,0,,,,2026-03-06 01:18:09,2026-03-06 01:18:09,,,,2027-01-01 00:00:00,2027-01-30 00:00:00,0,10
150030,60005,1200006,2011-09-05 00:00:00,2012-09-04 00:00:00,2013-09-04 00:00:00,,,30,1,,,,,0,,,,,,vencida,1,0,,,,2026-03-06 01:18:09,2026-03-06 01:18:09,,,,2013-08-05 00:00:00,2013-09-03 00:00:00,0,1
150031,60005,1200006,2012-09-05 00:00:00,2013-09-04 00:00:00,2014-09-04 00:00:00,,,30,1,,,,,0,,,,,,vencida,1,0,,,,2026-03-06 01:18:09,2026-03-06 01:18:09,,,,2014-08-05 00:00:00,2014-09-03 00:00:00,0,2
150032,60005,1200006,2013-09-05 00:00:00,2014-09-04 00:00:00,2015-09-04 00:00:00,,,30,1,,,,,0,,,,,,vencida,1,0,,,,2026-03-06 01:18:09,2026-03-06 01:18:09,,,,2015-08-05 00:00:00,2015-09-03 00:00:00,0,3
150033,60005,1200006,2014-09-05 00:00:00,2015-09-04 00:00:00,2016-09-04 00:00:00,,,30,1,,,,,0,,,,,,vencida,1,0,,,,2026-03-06 01:18:09,2026-03-06 01:18:09,,,,2016-08-05 00:00:00,2016-09-03 00:00:00,0,4
150034,60005,1200006,2015-09-05 00:00:00,2016-09-04 00:00:00,2017-09-04 00:00:00,,,30,1,,,,,0,,,,,,vencida,1,0,,,,2026-03-06 01:18:09,2026-03-06 01:18:09,,,,2017-08-05 00:00:00,2017-09-03 00:00:00,0,5
150035,60005,1200006,2016-09-05 00:00:00,2017-09-04 00:00:00,2018-09-04 00:00:00,,,30,1,,,,,0,,,,,,vencida,1,0,,,,2026-03-06 01:18:09,2026-03-06 01:18:09,,,,2018-08-05 00:00:00,2018-09-03 00:00:00,0,6
150036,60005,1200006,2017-09-05 00:00:00,2018-09-04 00:00:00,2019-09-04 00:00:00,,,30,1,,,,,0,,,,,,vencida,1,0,,,,2026-03-06 01:18:09,2026-03-06 01:18:09,,,,2019-08-05 00:00:00,2019-09-03 00:00:00,0,7
150037,60005,1200006,2018-09-05 00:00:00,2019-09-04 00:00:00,2020-09-04 00:00:00,,,30,1,,,,,0,,,,,,vencida,1,0,,,,2026-03-06 01:18:09,2026-03-06 01:18:09,,,,2020-08-05 00:00:00,2020-09-03 00:00:00,0,8
150038,60005,1200006,2019-09-05 00:00:00,2020-09-04 00:00:00,2021-09-04 00:00:00,,,30,1,,,,,0,,,,,,vencida,1,0,,,,2026-03-06 01:18:09,2026-03-06 01:18:09,,,,2021-08-05 00:00:00,2021-09-03 00:00:00,0,9
150039,60005,1200006,2020-09-05 00:00:00,2021-09-04 00:00:00,2022-09-04 00:00:00,,,30,1,,,,,0,,,,,,vencida,1,0,,,,2026-03-06 01:18:09,2026-03-06 01:18:09,,,,2022-08-05 00:00:00,2022-09-03 00:00:00,0,10
150040,60005,1200006,2021-09-05 00:00:00,2022-09-04 00:00:00,2023-09-04 00:00:00,,,30,1,,,,,0,,,,,,vencida,1,0,,,,2026-03-06 01:18:09,2026-03-06 01:18:09,,,,2023-08-05 00:00:00,2023-09-03 00:00:00,0,11
150041,60005,1200006,2022-09-05 00:00:00,2023-09-04 00:00:00,2024-09-04 00:00:00,,,30,1,,,,,0,,,,,,vencida,1,0,,,,2026-03-06 01:18:09,2026-03-06 01:18:09,,,,2024-08-05 00:00:00,2024-09-03 00:00:00,0,12
150042,60005,1200006,2023-09-05 00:00:00,2024-09-04 00:00:00,2025-09-04 00:00:00,,,30,1,,,,,0,,,,,,vencida,1,0,,,,2026-03-06 01:18:09,2026-03-06 01:18:09,,,,2025-08-05 00:00:00,2025-09-03 00:00:00,0,13
150043,60005,1200006,2024-09-05 00:00:00,2025-09-04 00:00:00,2026-09-04 00:00:00,,,30,1,,,,,0,,,,,,pendente,0,0,,,,2026-03-06 01:18:09,2026-03-06 01:18:09,,,,2026-08-05 00:00:00,2026-09-03 00:00:00,0,14
150044,60005,1200007,2016-09-20 00:00:00,2017-09-19 00:00:00,2018-09-19 00:00:00,,,30,1,,,,,0,,,,,,vencida,1,0,,,,2026-03-06 01:18:09,2026-03-06 01:18:09,,,,2018-08-20 00:00:00,2018-09-18 00:00:00,0,1
150045,60005,1200007,2017-09-20 00:00:00,2018-09-19 00:00:00,2019-09-19 00:00:00,,,30,1,,,,,0,,,,,,vencida,1,0,,,,2026-03-06 01:18:09,2026-03-06 01:18:09,,,,2019-08-20 00:00:00,2019-09-18 00:00:00,0,2
150046,60005,1200007,2018-09-20 00:00:00,2019-09-19 00:00:00,2020-09-19 00:00:00,,,30,1,,,,,0,,,,,,vencida,1,0,,,,2026-03-06 01:18:09,2026-03-06 01:18:09,,,,2020-08-20 00:00:00,2020-09-18 00:00:00,0,3
150047,60005,1200007,2019-09-20 00:00:00,2020-09-19 00:00:00,2021-09-19 00:00:00,,,30,1,,,,,0,,,,,,vencida,1,0,,,,2026-03-06 01:18:09,2026-03-06 01:18:09,,,,2021-08-20 00:00:00,2021-09-18 00:00:00,0,4
150048,60005,1200007,2020-09-20 00:00:00,2021-09-19 00:00:00,2022-09-19 00:00:00,,,30,1,,,,,0,,,,,,vencida,1,0,,,,2026-03-06 01:18:09,2026-03-06 01:18:09,,,,2022-08-20 00:00:00,2022-09-18 00:00:00,0,5
150049,60005,1200007,2021-09-20 00:00:00,2022-09-19 00:00:00,2023-09-19 00:00:00,,,30,1,,,,,0,,,,,,vencida,1,0,,,,2026-03-06 01:18:09,2026-03-06 01:18:09,,,,2023-08-20 00:00:00,2023-09-18 00:00:00,0,6
150050,60005,1200007,2022-09-20 00:00:00,2023-09-19 00:00:00,2024-09-19 00:00:00,,,30,1,,,,,0,,,,,,vencida,1,0,,,,2026-03-06 01:18:09,2026-03-06 01:18:09,,,,2024-08-20 00:00:00,2024-09-18 00:00:00,0,7
150051,60005,1200007,2023-09-20 00:00:00,2024-09-19 00:00:00,2025-09-19 00:00:00,,,30,1,,,,,0,,,,,,vencida,1,0,,,,2026-03-06 01:18:09,2026-03-06 01:18:09,,,,2025-08-20 00:00:00,2025-09-18 00:00:00,0,8
150052,60005,1200007,2024-09-20 00:00:00,2025-09-19 00:00:00,2026-09-19 00:00:00,,,30,1,,,,,0,,,,,,pendente,0,0,,,,2026-03-06 01:18:09,2026-03-06 01:18:09,,,,2026-08-20 00:00:00,2026-09-18 00:00:00,0,9
150053,60005,1200008,2017-11-16 00:00:00,2018-11-15 00:00:00,2019-11-15 00:00:00,,,30,1,,,,,0,,,,,,vencida,1,0,,,,2026-03-06 01:18:09,2026-03-06 01:18:09,,,,2019-10-16 00:00:00,2019-11-14 00:00:00,0,1
150054,60005,1200008,2018-11-16 00:00:00,2019-11-15 00:00:00,2020-11-15 00:00:00,,,30,1,,,,,0,,,,,,vencida,1,0,,,,2026-03-06 01:18:09,2026-03-06 01:18:09,,,,2020-10-16 00:00:00,2020-11-14 00:00:00,0,2
150055,60005,1200008,2019-11-16 00:00:00,2020-11-15 00:00:00,2021-11-15 00:00:00,,,30,1,,,,,0,,,,,,vencida,1,0,,,,2026-03-06 01:18:09,2026-03-06 01:18:09,,,,2021-10-16 00:00:00,2021-11-14 00:00:00,0,3
150056,60005,1200008,2020-11-16 00:00:00,2021-11-15 00:00:00,2022-11-15 00:00:00,,,30,1,,,,,0,,,,,,vencida,1,0,,,,2026-03-06 01:18:09,2026-03-06 01:18:09,,,,2022-10-16 00:00:00,2022-11-14 00:00:00,0,4
150057,60005,1200008,2021-11-16 00:00:00,2022-11-15 00:00:00,2023-11-15 00:00:00,,,30,1,,,,,0,,,,,,vencida,1,0,,,,2026-03-06 01:18:09,2026-03-06 01:18:09,,,,2023-10-16 00:00:00,2023-11-14 00:00:00,0,5
150058,60005,1200008,2022-11-16 00:00:00,2023-11-15 00:00:00,2024-11-15 00:00:00,,,30,1,,,,,0,,,,,,vencida,1,0,,,,2026-03-06 01:18:09,2026-03-06 01:18:09,,,,2024-10-16 00:00:00,2024-11-14 00:00:00,0,6
150059,60005,1200008,2023-11-16 00:00:00,2024-11-15 00:00:00,2025-11-15 00:00:00,,,30,1,,,,,0,,,,,,vencida,1,0,,,,2026-03-06 01:18:09,2026-03-06 01:18:09,,,,2025-10-16 00:00:00,2025-11-14 00:00:00,0,7
150060,60005,1200008,2024-11-16 00:00:00,2025-11-15 00:00:00,2026-11-15 00:00:00,,,30,1,,,,,0,,,,,,pendente,0,0,,,,2026-03-06 01:18:09,2026-03-06 01:18:09,,,,2026-10-16 00:00:00,2026-11-14 00:00:00,0,8
150061,60005,1200009,2016-03-07 00:00:00,2017-03-06 00:00:00,2018-03-06 00:00:00,,,30,1,,,,,0,,,,,,vencida,1,0,,,,2026-03-06 01:18:09,2026-03-06 01:18:09,,,,2018-02-04 00:00:00,2018-03-05 00:00:00,0,1
150062,60005,1200009,2017-03-07 00:00:00,2018-03-06 00:00:00,2019-03-06 00:00:00,,,30,1,,,,,0,,,,,,vencida,1,0,,,,2026-03-06 01:18:09,2026-03-06 01:18:09,,,,2019-02-04 00:00:00,2019-03-05 00:00:00,0,2
150063,60005,1200009,2018-03-07 00:00:00,2019-03-06 00:00:00,2020-03-06 00:00:00,,,30,1,,,,,0,,,,,,vencida,1,0,,,,2026-03-06 01:18:09,2026-03-06 01:18:09,,,,2020-02-05 00:00:00,2020-03-05 00:00:00,0,3
150064,60005,1200009,2019-03-07 00:00:00,2020-03-06 00:00:00,2021-03-06 00:00:00,,,30,1,,,,,0,,,,,,vencida,1,0,,,,2026-03-06 01:18:10,2026-03-06 01:18:10,,,,2021-02-04 00:00:00,2021-03-05 00:00:00,0,4
150065,60005,1200009,2020-03-07 00:00:00,2021-03-06 00:00:00,2022-03-06 00:00:00,,,30,1,,,,,0,,,,,,vencida,1,0,,,,2026-03-06 01:18:10,2026-03-06 01:18:10,,,,2022-02-04 00:00:00,2022-03-05 00:00:00,0,5
150066,60005,1200009,2021-03-07 00:00:00,2022-03-06 00:00:00,2023-03-06 00:00:00,,,30,1,,,,,0,,,,,,vencida,1,0,,,,2026-03-06 01:18:10,2026-03-06 01:18:10,,,,2023-02-04 00:00:00,2023-03-05 00:00:00,0,6
150067,60005,1200009,2022-03-07 00:00:00,2023-03-06 00:00:00,2024-03-06 00:00:00,,,30,1,,,,,0,,,,,,vencida,1,0,,,,2026-03-06 01:18:10,2026-03-06 01:18:10,,,,2024-02-05 00:00:00,2024-03-05 00:00:00,0,7
150068,60005,1200009,2023-03-07 00:00:00,2024-03-06 00:00:00,2025-03-06 00:00:00,,,30,1,,,,,0,,,,,,vencida,1,0,,,,2026-03-06 01:18:10,2026-03-06 01:18:10,,,,2025-02-04 00:00:00,2025-03-05 00:00:00,0,8
150069,60005,1200009,2024-03-07 00:00:00,2025-03-06 00:00:00,2026-03-06 00:00:00,,,30,1,,,,,0,,,,,,vencida,1,0,,,,2026-03-06 01:18:10,2026-03-06 01:18:10,,,,2026-02-04 00:00:00,2026-03-05 00:00:00,0,9
150070,60005,1200009,2025-03-07 00:00:00,2026-03-06 00:00:00,2027-03-06 00:00:00,,,30,1,,,,,0,,,,,,pendente,0,0,,,,2026-03-06 01:18:10,2026-03-06 01:18:10,,,,2027-02-04 00:00:00,2027-03-05 00:00:00,0,10
150071,60005,1200011,2018-01-08 00:00:00,2019-01-07 00:00:00,2020-01-07 00:00:00,,,30,1,,,,,0,,,,,,vencida,1,0,,,,2026-03-06 01:18:10,2026-03-06 01:18:10,,,,2019-12-08 00:00:00,2020-01-06 00:00:00,0,1
150072,60005,1200011,2019-01-08 00:00:00,2020-01-07 00:00:00,2021-01-07 00:00:00,,,30,1,,,,,0,,,,,,vencida,1,0,,,,2026-03-06 01:18:10,2026-03-06 01:18:10,,,,2020-12-08 00:00:00,2021-01-06 00:00:00,0,2
150073,60005,1200011,2020-01-08 00:00:00,2021-01-07 00:00:00,2022-01-07 00:00:00,,,30,1,,,,,0,,,,,,vencida,1,0,,,,2026-03-06 01:18:10,2026-03-06 01:18:10,,,,2021-12-08 00:00:00,2022-01-06 00:00:00,0,3
150074,60005,1200011,2021-01-08 00:00:00,2022-01-07 00:00:00,2023-01-07 00:00:00,,,30,1,,,,,0,,,,,,vencida,1,0,,,,2026-03-06 01:18:10,2026-03-06 01:18:10,,,,2022-12-08 00:00:00,2023-01-06 00:00:00,0,4
150075,60005,1200011,2022-01-08 00:00:00,2023-01-07 00:00:00,2024-01-07 00:00:00,,,30,1,,,,,0,,,,,,vencida,1,0,,,,2026-03-06 01:18:10,2026-03-06 01:18:10,,,,2023-12-08 00:00:00,2024-01-06 00:00:00,0,5
150076,60005,1200011,2023-01-08 00:00:00,2024-01-07 00:00:00,2025-01-07 00:00:00,,,30,1,,,,,0,,,,,,vencida,1,0,,,,2026-03-06 01:18:10,2026-03-06 01:18:10,,,,2024-12-08 00:00:00,2025-01-06 00:00:00,0,6
150077,60005,1200011,2024-01-08 00:00:00,2025-01-07 00:00:00,2026-01-07 00:00:00,,,30,1,,,,,0,,,,,,vencida,1,0,,,,2026-03-06 01:18:10,2026-03-06 01:18:10,,,,2025-12-08 00:00:00,2026-01-06 00:00:00,0,7
150078,60005,1200011,2025-01-08 00:00:00,2026-01-07 00:00:00,2027-01-07 00:00:00,,,30,1,,,,,0,,,,,,pendente,0,0,,,,2026-03-06 01:18:10,2026-03-06 01:18:10,,,,2026-12-08 00:00:00,2027-01-06 00:00:00,0,8
150079,60005,1200012,2014-01-02 00:00:00,2015-01-01 00:00:00,2016-01-01 00:00:00,,,30,1,,,,,0,,,,,,vencida,1,0,,,,2026-03-06 01:18:10,2026-03-06 01:18:10,,,,2015-12-02 00:00:00,2015-12-31 00:00:00,0,1
150080,60005,1200012,2015-01-02 00:00:00,2016-01-01 00:00:00,2017-01-01 00:00:00,,,30,1,,,,,0,,,,,,vencida,1,0,,,,2026-03-06 01:18:10,2026-03-06 01:18:10,,,,2016-12-02 00:00:00,2016-12-31 00:00:00,0,2
150081,60005,1200012,2016-01-02 00:00:00,2017-01-01 00:00:00,2018-01-01 00:00:00,,,30,1,,,,,0,,,,,,vencida,1,0,,,,2026-03-06 01:18:10,2026-03-06 01:18:10,,,,2017-12-02 00:00:00,2017-12-31 00:00:00,0,3
150082,60005,1200012,2017-01-02 00:00:00,2018-01-01 00:00:00,2019-01-01 00:00:00,,,30,1,,,,,0,,,,,,vencida,1,0,,,,2026-03-06 01:18:10,2026-03-06 01:18:10,,,,2018-12-02 00:00:00,2018-12-31 00:00:00,0,4
150083,60005,1200012,2018-01-02 00:00:00,2019-01-01 00:00:00,2020-01-01 00:00:00,,,30,1,,,,,0,,,,,,vencida,1,0,,,,2026-03-06 01:18:10,2026-03-06 01:18:10,,,,2019-12-02 00:00:00,2019-12-31 00:00:00,0,5
150084,60005,1200012,2019-01-02 00:00:00,2020-01-01 00:00:00,2021-01-01 00:00:00,,,30,1,,,,,0,,,,,,vencida,1,0,,,,2026-03-06 01:18:10,2026-03-06 01:18:10,,,,2020-12-02 00:00:00,2020-12-31 00:00:00,0,6
150085,60005,1200012,2020-01-02 00:00:00,2021-01-01 00:00:00,2022-01-01 00:00:00,,,30,1,,,,,0,,,,,,vencida,1,0,,,,2026-03-06 01:18:10,2026-03-06 01:18:10,,,,2021-12-02 00:00:00,2021-12-31 00:00:00,0,7
150086,60005,1200012,2021-01-02 00:00:00,2022-01-01 00:00:00,2023-01-01 00:00:00,,,30,1,,,,,0,,,,,,vencida,1,0,,,,2026-03-06 01:18:10,2026-03-06 01:18:10,,,,2022-12-02 00:00:00,2022-12-31 00:00:00,0,8
150087,60005,1200012,2022-01-02 00:00:00,2023-01-01 00:00:00,2024-01-01 00:00:00,,,30,1,,,,,0,,,,,,vencida,1,0,,,,2026-03-06 01:18:10,2026-03-06 01:18:10,,,,2023-12-02 00:00:00,2023-12-31 00:00:00,0,9
150088,60005,1200012,2023-01-02 00:00:00,2024-01-01 00:00:00,2025-01-01 00:00:00,,,30,1,,,,,0,,,,,,vencida,1,0,,,,2026-03-06 01:18:10,2026-03-06 01:18:10,,,,2024-12-02 00:00:00,2024-12-31 00:00:00,0,10
150089,60005,1200012,2024-01-02 00:00:00,2025-01-01 00:00:00,2026-01-01 00:00:00,,,30,1,,,,,0,,,,,,vencida,1,0,,,,2026-03-06 01:18:10,2026-03-06 01:18:10,,,,2025-12-02 00:00:00,2025-12-31 00:00:00,0,11
150090,60005,1200012,2025-01-02 00:00:00,2026-01-01 00:00:00,2027-01-01 00:00:00,,,30,1,,,,,0,,,,,,pendente,0,0,,,,2026-03-06 01:18:10,2026-03-06 01:18:10,,,,2026-12-02 00:00:00,2026-12-31 00:00:00,0,12
180001,60002,420059,2024-03-25 00:00:00,2025-03-24 00:00:00,2026-02-23 00:00:00,2026-02-23 00:00:00,2026-03-24 00:00:00,30,1,,,,,0,2189.00,729.67,0.00,2918.67,2026-02-21 00:00:00,agendada,0,0,,Isabela Augusta da Silva Velloso Monteiro,990252,2026-03-10 13:03:51,2026-03-10 13:05:17,2026-03-10 13:05:17,Isabela Augusta da Silva Velloso Monteiro,990252,,,0,1
