Nº Cheque;Banco;Fornecedor;Obra;NF;Parcela;Vencimento;Valor
901551;CAIXA ECONOMICA;ANDORRA;;;4/4;15/01/2023;22548,44
901551;CAIXA ECONOMICA;ANDORRA;;;4/4;15/01/2023;22548,44
901513;CAIXA ECONOMICA;NOVA ENGENHARIA;;;5/6;17/01/2023;10833,33
901513;CAIXA ECONOMICA;NOVA ENGENHARIA;;;5/6;17/01/2023;10833,33
901578;CAIXA ECONOMICA;CS COMERCIAL;;;6/12;21/01/2023;5000,00
901578;CAIXA ECONOMICA;CS COMERCIAL;;;6/12;21/01/2023;5000,00
902328;CAIXA ECONOMICA;JAZIEL;;;1/5;22/01/2023;14462,96
902328;CAIXA ECONOMICA;JAZIEL;;;1/5;22/01/2023;14462,96
901695;CAIXA ECONOMICA;JAZIEL;;;1/2;25/01/2023;6214,66
901695;CAIXA ECONOMICA;JAZIEL;;;1/2;25/01/2023;6214,66
902222;CAIXA ECONOMICA;DECORWATTS;;;6/10;28/01/2023;12468,06
902222;CAIXA ECONOMICA;DECORWATTS;;;6/10;28/01/2023;12468,06
901541;CAIXA ECONOMICA;JAZIEL;;;5/6;30/01/2023;17476,48
901541;CAIXA ECONOMICA;JAZIEL;;;5/6;30/01/2023;17476,48
902176;CAIXA ECONOMICA;JAZIEL;;;4/6;31/01/2023;8802,54
902176;CAIXA ECONOMICA;JAZIEL;;;4/6;31/01/2023;8802,54
901594;CAIXA ECONOMICA;AUTO LED;;;4/4;01/02/2023;3745,44
901594;CAIXA ECONOMICA;AUTO LED;;;4/4;01/02/2023;3745,44
901487;CAIXA ECONOMICA;JAZIEL;;;6/6;10/02/2023;10489,36
901487;CAIXA ECONOMICA;JAZIEL;;;6/6;10/02/2023;10489,36
901723;CAIXA ECONOMICA;JCL COMERCIO;;;2/3;11/02/2023;1011,55
901723;CAIXA ECONOMICA;JCL COMERCIO;;;2/3;11/02/2023;1011,55
902378;CAIXA ECONOMICA;AUTO LED;;;1/3;19/02/2023;1015,55
902378;CAIXA ECONOMICA;AUTO LED;;;1/3;19/02/2023;1015,55
901580;CAIXA ECONOMICA;CS COMERCIAL;;;8/12;21/02/2023;5000,00
901580;CAIXA ECONOMICA;CS COMERCIAL;;;8/12;21/02/2023;5000,00
902157;CAIXA ECONOMICA;CS COMERCIAL;;;9/12;27/02/2023;11666,50
902157;CAIXA ECONOMICA;CS COMERCIAL;;;9/12;27/02/2023;11666,50
901542;CAIXA ECONOMICA;JAZIEL;;;6/6;28/02/2023;17476,48
901542;CAIXA ECONOMICA;JAZIEL;;;6/6;28/02/2023;17476,48
901887;CAIXA ECONOMICA;ALAN;;;1/1;03/03/2023;2000,00
901887;CAIXA ECONOMICA;ALAN;;;1/1;03/03/2023;2000,00
901799;CAIXA ECONOMICA;JAZIEL;;;1/6;06/03/2023;7129,48
901799;CAIXA ECONOMICA;JAZIEL;;;1/6;06/03/2023;7129,48
901766;CAIXA ECONOMICA;ANDORRA;;;3/12;12/03/2023;6397,74
901766;CAIXA ECONOMICA;ANDORRA;;;3/12;12/03/2023;6397,74
902158;CAIXA ECONOMICA;CS COMERCIAL;;;10/12;12/03/2023;11666,50
902158;CAIXA ECONOMICA;CS COMERCIAL;;;10/12;12/03/2023;11666,50
902225;CAIXA ECONOMICA;DECORWATTS;;;9/10;14/03/2023;12468,06
902225;CAIXA ECONOMICA;DECORWATTS;;;9/10;14/03/2023;12468,06
901689;CAIXA ECONOMICA;JAZIEL;;;4/7;16/03/2023;6497,14
901689;CAIXA ECONOMICA;JAZIEL;;;4/7;16/03/2023;6497,14
901840;CAIXA ECONOMICA;RENATO GARCIA;;;2/2;17/03/2023;2700,00
901840;CAIXA ECONOMICA;RENATO GARCIA;;;2/2;17/03/2023;2700,00
901581;CAIXA ECONOMICA;CS COMERCIAL;;;9/12;21/03/2023;5000,00
901581;CAIXA ECONOMICA;CS COMERCIAL;;;9/12;21/03/2023;5000,00
902330;CAIXA ECONOMICA;JAZIEL;;;3/5;22/03/2023;14462,96
902330;CAIXA ECONOMICA;JAZIEL;;;3/5;22/03/2023;14462,96
902245;CAIXA ECONOMICA;ELETROGUARA;;;4/4;23/03/2023;845,42
902245;CAIXA ECONOMICA;ELETROGUARA;;;4/4;23/03/2023;845,42
901506;CAIXA ECONOMICA;ANDORRA;;;7/8;24/03/2023;17628,48
901506;CAIXA ECONOMICA;ANDORRA;;;7/8;24/03/2023;17628,48
902478;CAIXA ECONOMICA;MARMORIA JARDIM;;;1/1;24/03/2023;1004,00
902478;CAIXA ECONOMICA;MARMORIA JARDIM;;;1/1;24/03/2023;1004,00
902247;CAIXA ECONOMICA;ABC DA COSNTRUÇÃO;;;2/2;25/03/2023;978,12
902247;CAIXA ECONOMICA;ABC DA COSNTRUÇÃO;;;2/2;25/03/2023;978,12
901674;CAIXA ECONOMICA;MARMORARIA MINAS PISOS;;;5/6;26/03/2023;8666,67
901674;CAIXA ECONOMICA;MARMORARIA MINAS PISOS;;;5/6;26/03/2023;8666,67
902159;CAIXA ECONOMICA;CS COMERCIAL;;;11/12;27/03/2023;11666,50
902159;CAIXA ECONOMICA;CS COMERCIAL;;;11/12;27/03/2023;11666,50
902226;CAIXA ECONOMICA;DECORWATTS;;;10/10;28/03/2023;12468,06
902226;CAIXA ECONOMICA;DECORWATTS;;;10/10;28/03/2023;12468,06
902479;CAIXA ECONOMICA;MARCOS CARPINTEIRO - MEDIÇÃO;;;1/2;28/03/2023;2500,00
902479;CAIXA ECONOMICA;MARCOS CARPINTEIRO - MEDIÇÃO;;;1/2;28/03/2023;2500,00
902445;CAIXA ECONOMICA;JCL COMERCIO;;;1/3;29/03/2023;11666,67
902445;CAIXA ECONOMICA;JCL COMERCIO;;;1/3;29/03/2023;11666,67
901823;CAIXA ECONOMICA;ANDORRA;;;2/8;31/03/2023;5277,19
901823;CAIXA ECONOMICA;ANDORRA;;;2/8;31/03/2023;5277,19
902263;CAIXA ECONOMICA;FERRAGENS SANTA RITA;;;4/5;01/04/2023;2492,06
902263;CAIXA ECONOMICA;FERRAGENS SANTA RITA;;;4/5;01/04/2023;2492,06
902397;CAIXA ECONOMICA;JCL COMERCIO;;;2/3;01/04/2023;7396,30
902397;CAIXA ECONOMICA;JCL COMERCIO;;;2/3;01/04/2023;7396,30
901898;CAIXA ECONOMICA;LUCIANO BRUNO (RESCISAO);;;1/1;03/04/2023;3137,51
901898;CAIXA ECONOMICA;LUCIANO BRUNO (RESCISAO);;;1/1;03/04/2023;3137,51
901899;CAIXA ECONOMICA;MANOEL CARLOS (FÉRIAS);;;1/1;03/04/2023;2282,00
901899;CAIXA ECONOMICA;MANOEL CARLOS (FÉRIAS);;;1/1;03/04/2023;2282,00
901584;CAIXA ECONOMICA;CS COMERCIAL;;;12/12;04/04/2023;5000,00
901584;CAIXA ECONOMICA;CS COMERCIAL;;;12/12;04/04/2023;5000,00
901669;CAIXA ECONOMICA;FERRAGENS SANTA RITA;;;5/5;04/04/2023;2560,20
901669;CAIXA ECONOMICA;FERRAGENS SANTA RITA;;;5/5;04/04/2023;2560,20
901800;CAIXA ECONOMICA;JAZIEL;;;2/6;06/04/2023;7129,48
901800;CAIXA ECONOMICA;JAZIEL;;;2/6;06/04/2023;7129,48
901880;CAIXA ECONOMICA;J ALVES;;;1/7;10/04/2023;3111,64
901880;CAIXA ECONOMICA;J ALVES;;;1/7;10/04/2023;3111,64
902368;CAIXA ECONOMICA;ANDORRA;;;3/4;10/04/2023;3562,10
902368;CAIXA ECONOMICA;ANDORRA;;;3/4;10/04/2023;3562,10
901768;CAIXA ECONOMICA;ANDORRA;;;5/12;12/04/2023;6397,74
901768;CAIXA ECONOMICA;ANDORRA;;;5/12;12/04/2023;6397,74
902160;CAIXA ECONOMICA;CS COMERCIAL;;;12/12;12/04/2023;11666,50
902160;CAIXA ECONOMICA;CS COMERCIAL;;;12/12;12/04/2023;11666,50
901821;CAIXA ECONOMICA;JAZIEL;;;2/2;13/04/2023;7129,48
901821;CAIXA ECONOMICA;JAZIEL;;;2/2;13/04/2023;7129,48
901824;CAIXA ECONOMICA;ANDORRA;;;3/8;15/04/2023;5277,19
901824;CAIXA ECONOMICA;ANDORRA;;;3/8;15/04/2023;5277,19
901706;CAIXA ECONOMICA;ANDORRA;;;6/7;17/04/2023;4353,42
901706;CAIXA ECONOMICA;ANDORRA;;;6/7;17/04/2023;4353,42
902446;CAIXA ECONOMICA;JCL COMERCIO;;;2/3;19/04/2023;11666,67
902446;CAIXA ECONOMICA;JCL COMERCIO;;;2/3;19/04/2023;11666,67
901507;CAIXA ECONOMICA;ANDORRA;;;8/8;24/04/2023;17628,48
901507;CAIXA ECONOMICA;ANDORRA;;;8/8;24/04/2023;17628,48
901769;CAIXA ECONOMICA;ANDORRA;;;6/12;27/04/2023;6397,74
901769;CAIXA ECONOMICA;ANDORRA;;;6/12;27/04/2023;6397,74
901825;CAIXA ECONOMICA;ANDORRA;;;4/8;30/04/2023;5277,19
901825;CAIXA ECONOMICA;ANDORRA;;;4/8;30/04/2023;5277,19
902487;CAIXA ECONOMICA;GILO;;;2/2;30/04/2023;1700,00
902487;CAIXA ECONOMICA;GILO;;;2/2;30/04/2023;1700,00
902398;CAIXA ECONOMICA;JCL COMERCIO;;;3/3;01/05/2023;7396,30
902398;CAIXA ECONOMICA;JCL COMERCIO;;;3/3;01/05/2023;7396,30
901707;CAIXA ECONOMICA;ANDORRA;;;7/7;03/05/2023;4353,42
901707;CAIXA ECONOMICA;ANDORRA;;;7/7;03/05/2023;4353,42
901801;CAIXA ECONOMICA;JAZIEL;;;3/6;06/05/2023;7129,48
901801;CAIXA ECONOMICA;JAZIEL;;;3/6;06/05/2023;7129,48
902447;CAIXA ECONOMICA;JCL COMERCIO;;;3/3;09/05/2023;11666,67
902447;CAIXA ECONOMICA;JCL COMERCIO;;;3/3;09/05/2023;11666,67
902369;CAIXA ECONOMICA;ANDORRA;;;4/4;10/05/2023;3562,10
902369;CAIXA ECONOMICA;ANDORRA;;;4/4;10/05/2023;3562,10
902394;CAIXA ECONOMICA;FERRAGENS SANTA RITA;;;3/4;11/05/2023;1857,15
902394;CAIXA ECONOMICA;FERRAGENS SANTA RITA;;;3/4;11/05/2023;1857,15
901770;CAIXA ECONOMICA;ANDORRA;;;7/12;12/05/2023;6397,74
901770;CAIXA ECONOMICA;ANDORRA;;;7/12;12/05/2023;6397,74
901691;CAIXA ECONOMICA;JAZIEL;;;6/7;16/05/2023;6497,14
901691;CAIXA ECONOMICA;JAZIEL;;;6/7;16/05/2023;6497,14
901843;CAIXA ECONOMICA;CASA BRASIL;;;3/3;19/05/2023;1296,67
901843;CAIXA ECONOMICA;CASA BRASIL;;;3/3;19/05/2023;1296,67
901916;CAIXA ECONOMICA;ELETROGUARA;;;1/1;20/05/2023;203,77
901916;CAIXA ECONOMICA;ELETROGUARA;;;1/1;20/05/2023;203,77
901771;CAIXA ECONOMICA;ANDORRA;;;8/12;27/05/2023;6397,74
901771;CAIXA ECONOMICA;ANDORRA;;;8/12;27/05/2023;6397,74
902404;CAIXA ECONOMICA;FERRAGENS SANTA RITA;;;3/4;28/05/2023;2141,57
902404;CAIXA ECONOMICA;FERRAGENS SANTA RITA;;;3/4;28/05/2023;2141,57
901827;CAIXA ECONOMICA;ANDORRA;;;6/8;31/05/2023;5277,19
901827;CAIXA ECONOMICA;ANDORRA;;;6/8;31/05/2023;5277,19
901802;CAIXA ECONOMICA;JAZIEL;;;4/6;06/06/2023;7129,48
901802;CAIXA ECONOMICA;JAZIEL;;;4/6;06/06/2023;7129,48
901772;CAIXA ECONOMICA;ANDORRA;;;9/12;12/06/2023;6397,74
901772;CAIXA ECONOMICA;ANDORRA;;;9/12;12/06/2023;6397,74
901749;CAIXA ECONOMICA;FERRAGENS SANTA RITA;;;5/5;13/06/2023;2288,44
901749;CAIXA ECONOMICA;FERRAGENS SANTA RITA;;;5/5;13/06/2023;2288,44
901828;CAIXA ECONOMICA;ANDORRA;;;7/8;15/06/2023;5277,19
901828;CAIXA ECONOMICA;ANDORRA;;;7/8;15/06/2023;5277,19
901773;CAIXA ECONOMICA;ANDORRA;;;10/12;27/06/2023;6397,74
901773;CAIXA ECONOMICA;ANDORRA;;;10/12;27/06/2023;6397,74
901829;CAIXA ECONOMICA;ANDORRA;;;8/8;30/06/2023;5277,19
901829;CAIXA ECONOMICA;ANDORRA;;;8/8;30/06/2023;5277,19
902410;CAIXA ECONOMICA;SANTO AÇO;;;4/11;01/07/2023;8833,32
902410;CAIXA ECONOMICA;SANTO AÇO;;;4/11;01/07/2023;8833,32
901803;CAIXA ECONOMICA;JAZIEL;;;5/6;06/07/2023;7129,48
901803;CAIXA ECONOMICA;JAZIEL;;;5/6;06/07/2023;7129,48
901774;CAIXA ECONOMICA;ANDORRA;;;11/12;12/07/2023;6397,74
901774;CAIXA ECONOMICA;ANDORRA;;;11/12;12/07/2023;6397,74
901872;CAIXA ECONOMICA;COIMBRA;;;4/8;12/07/2023;5779,28
901872;CAIXA ECONOMICA;COIMBRA;;;4/8;12/07/2023;5779,28
901943;CAIXA ECONOMICA;JEF CAR;;;3/6;12/07/2023;1304,00
901943;CAIXA ECONOMICA;JEF CAR;;;3/6;12/07/2023;1304,00
902583;CAIXA ECONOMICA;CGL FUNDAÇÕES;;;3/6;12/07/2023;15416,66
902583;CAIXA ECONOMICA;CGL FUNDAÇÕES;;;3/6;12/07/2023;15416,66
901954;CAIXA ECONOMICA;VALE TOPOGRAFIA;;;2/3;13/07/2023;1600,00
901954;CAIXA ECONOMICA;VALE TOPOGRAFIA;;;2/3;13/07/2023;1600,00
902621;CAIXA ECONOMICA;MADE PARK;;;1/3;15/07/2023;859,93
902621;CAIXA ECONOMICA;MADE PARK;;;1/3;15/07/2023;859,93
902626;CAIXA ECONOMICA;SILKMANIA;;;1/4;26/07/2023;1571,00
902626;CAIXA ECONOMICA;SILKMANIA;;;1/4;26/07/2023;1571,00
901775;CAIXA ECONOMICA;ANDORRA;;;12/12;27/07/2023;6397,74
901775;CAIXA ECONOMICA;ANDORRA;;;12/12;27/07/2023;6397,74
901804;CAIXA ECONOMICA;JAZIEL;;;6/6;06/08/2023;7129,48
901804;CAIXA ECONOMICA;JAZIEL;;;6/6;06/08/2023;7129,48
902441;CAIXA ECONOMICA;HIMASA;;;6/6;09/08/2023;2742,94
902441;CAIXA ECONOMICA;HIMASA;;;6/6;09/08/2023;2742,94
902682;CAIXA ECONOMICA;ESCARLATE;;;1/1;28/08/2023;1326,00
902682;CAIXA ECONOMICA;ESCARLATE;;;1/1;28/08/2023;1326,00
902077;CAIXA ECONOMICA;VIDRAÇARIA FERRAZ;;;1/3;12/09/2023;1000,00
902077;CAIXA ECONOMICA;VIDRAÇARIA FERRAZ;;;1/3;12/09/2023;1000,00
;CAIXA ECONOMICA;PROJETO MILRE;;;4/4;28/10/2023;4000,00
;CAIXA ECONOMICA;PROJETO MILRE;;;4/4;28/10/2023;4000,00
902226;CAIXA ECONOMICA;GEOLOGUS;;;3/7;24/11/2023;15000,00
902226;CAIXA ECONOMICA;GEOLOGUS;;;3/7;24/11/2023;15000,00
902605;CAIXA ECONOMICA;ELETROGUARA;;;5/5;24/11/2023;5768,96
902605;CAIXA ECONOMICA;ELETROGUARA;;;5/5;24/11/2023;5768,96
902129;CAIXA ECONOMICA;FERRAGENS SANTA RITA;;;3/5;30/11/2023;4497,98
902129;CAIXA ECONOMICA;FERRAGENS SANTA RITA;;;3/5;30/11/2023;4497,98
902034;CAIXA ECONOMICA;FERRAGENS SANTA RITA;;;5/5;07/12/2023;3640,28
902034;CAIXA ECONOMICA;FERRAGENS SANTA RITA;;;5/5;07/12/2023;3640,28
902823;CAIXA ECONOMICA;TINTAS AVENIDAS;;;2/3;07/12/2023;756,13
902823;CAIXA ECONOMICA;TINTAS AVENIDAS;;;2/3;07/12/2023;756,13
902143;CAIXA ECONOMICA;FERRAGENS SANTA RITA;;;3/5;08/12/2023;2067,80
902143;CAIXA ECONOMICA;FERRAGENS SANTA RITA;;;3/5;08/12/2023;2067,80
902158;CAIXA ECONOMICA;JEF CAR;;;3/3;08/12/2023;1060,00
902158;CAIXA ECONOMICA;JEF CAR;;;3/3;08/12/2023;1060,00
902228;CAIXA ECONOMICA;GEOLOGUS;;;5/7;08/12/2023;15000,00
902228;CAIXA ECONOMICA;GEOLOGUS;;;5/7;08/12/2023;15000,00
902242;CAIXA ECONOMICA;PRECISION;;;1/2;11/12/2023;5525,00
902242;CAIXA ECONOMICA;PRECISION;;;1/2;11/12/2023;5525,00
902099;CAIXA ECONOMICA;J ALVES;;;4/7;13/12/2023;3386,93
902099;CAIXA ECONOMICA;J ALVES;;;4/7;13/12/2023;3386,93
902796;CAIXA ECONOMICA;MADE PARK;;;3/3;26/12/2023;4653,33
902796;CAIXA ECONOMICA;MADE PARK;;;3/3;26/12/2023;4653,33
902135;CAIXA ECONOMICA;ZEZINHO;;;4/4;04/01/2024;845,63
902911;CAIXA ECONOMICA;ZEZINHO;;;1/2;25/01/2024;643,89
902315;CAIXA ECONOMICA;GILO;;;1/3;31/01/2024;1933,33
902177;CAIXA ECONOMICA;JAZIEL;;;4/6;03/02/2024;5209,75
902248;CAIXA ECONOMICA;FERRAGENS SANTA RITA;;;2/3;03/02/2024;2279,60
902335;CAIXA ECONOMICA;CASA BRASIL;;;1/3;03/02/2024;1286,00
902108;CAIXA ECONOMICA;FELIPE (PAGAMENTO DO EMPRESTIMO - MERCEDES);;;6/10;04/02/2024;2100,00
902282;CAIXA ECONOMICA;FERRAGENS SANTA RITA;;;1/5;04/02/2024;10595,84
902896;CAIXA ECONOMICA;ZEZINHO;;;2/3;04/02/2024;842,20
902183;CAIXA ECONOMICA;FERRAGENS SANTA RITA;;;4/5;05/02/2024;3961,58
902273;CAIXA ECONOMICA;JAZIEL;;;2/6;05/02/2024;3363,62
902917;CAIXA ECONOMICA;TLO INDUSTRIA E COMERCIO;;;1/3;06/02/2024;11000,00
902935;CAIXA ECONOMICA;ELETROGUARA;;;2/5;06/02/2024;3981,75
902287;CAIXA ECONOMICA;CASA BRASIL;;;1/3;07/02/2024;856,33
902822;CAIXA ECONOMICA;TINTAS AVENIDA;;;4/4;07/02/2024;756,13
902293;CAIXA ECONOMICA;GILO;;;2/2;09/02/2024;1800,00
902865;CAIXA ECONOMICA;SILKMANIA;;;3/4;09/02/2024;3576,25
902875;CAIXA ECONOMICA;J ALVES;;;3/7;09/02/2024;6151,71
902973;CAIXA ECONOMICA;SCARLATE;;;2/3;09/02/2024;1050,00
902316;CAIXA ECONOMICA;GILO;;;2/3;10/02/2024;1933,33
902965;CAIXA ECONOMICA;SILKMANIA;;;1/4;23/02/2024;2400,00
902918;CAIXA ECONOMICA;TLO INDUSTRIA E COMERCIO;;;2/3;06/03/2024;11000,00
902936;CAIXA ECONOMICA;ELETROGUARA;;;3/5;06/03/2024;3981,75
902288;CAIXA ECONOMICA;CASA BRASIL;;;2/3;07/03/2024;856,33
902909;CAIXA ECONOMICA;CASA BRASIL;;;3/3;20/03/2024;1033,33
902957;CAIXA ECONOMICA;J ALVES;;;3/5;23/03/2024;2150,00
902395;CAIXA ECONOMICA;J ALVES;;;1/5;31/03/2024;2393,60
902337;CAIXA ECONOMICA;CASA BRASIL;;;3/3;03/04/2024;1286,00
902348;CAIXA ECONOMICA;MADEIREIRA MANTIQUEIRA;;;3/3;10/04/2024;940,67
902379;CAIXA ECONOMICA;PRECISON-PIREV;;;1/2;12/04/2024;4875,00
902929;CAIXA ECONOMICA;COIMBRA;;;4/8;12/04/2024;3586,01
902946;CAIXA ECONOMICA;SILKMANIA;;;4/4;12/04/2024;3601,50
902338;CAIXA ECONOMICA;FERAGENS SANTA RITA;;;1/3;13/04/2024;6367,63
902362;CAIXA ECONOMICA;ELETROGUARA;;;2/3;13/04/2024;688,77
902971;CAIXA ECONOMICA;SILKMANIA;;;3/4;13/04/2024;2062,50
903027;CAIXA ECONOMICA;P0STO UMUARAMA;;;1/2;13/04/2024;8633,81
902296;CAIXA ECONOMICA;FERRAGENS SANTA RITA;;;3/5;14/04/2024;7104,20
902384;CAIXA ECONOMICA;J ALVES;;;2/7;14/04/2024;5987,61
902342;CAIXA ECONOMICA;FERRAGENS SANTA RITA;;;2/5;15/04/2024;7687,40
902902;CAIXA ECONOMICA;ZEZINHO;;;5/5;15/04/2024;1257,57
902983;CAIXA ECONOMICA;JEF CAR;;;3/4;15/04/2024;2225,00
902354;CAIXA ECONOMICA;CASA BRASIL;;;2/3;16/04/2024;1126,67
902890;CAIXA ECONOMICA;COIMBRA;;;5/9;16/04/2024;5579,15
902416;CAIXA ECONOMICA;DECOLAR MARMORARIA;;;1/3;17/04/2024;1689,74
902303;CAIXA ECONOMICA;J ALVES;;;3/7;18/04/2024;3557,14
902398;CAIXA ECONOMICA;AUTOLED;;;1/3;18/04/2024;897,00
902906;CAIXA ECONOMICA;HIMASA;;;4/4;18/04/2024;935,25
903000;CAIXA ECONOMICA;COIMBRA;;;2/5;19/04/2024;2000,17
902241;CAIXA ECONOMICA;FERRAGENS SANTA RITA;;;5/5;21/04/2024;3030,94
903065;CAIXA ECONOMICA;ESCARLATE CONFECÇÕES;;;1/1;30/04/2024;570,00
903042;CAIXA ECONOMICA;J ALVES;;;2/3;05/05/2024;1133,73
902878;CAIXA ECONOMICA;J ALVES;;;6/7;09/05/2024;6151,71
902377;CAIXA ECONOMICA;CASA BRASIL;;;2/3;10/05/2024;1923,00
902459;CAIXA ECONOMICA;GILÓ;;;2/3;10/05/2024;1800,00
902494;CAIXA ECONOMICA;RONALDO TORK DIESEL;;;1/4;10/05/2024;2800,00
903026;CAIXA ECONOMICA;POSTO UMUARAMA;;;2/2;10/05/2024;360,00
902441;CAIXA ECONOMICA;VIDRAÇARIA FERRAZ;;;1/4;11/05/2024;33750,00
902461;CAIXA ECONOMICA;GILÓ;;;1/2;11/05/2024;1150,00
902454;CAIXA ECONOMICA;T.L. DE OLIVEIRA;;;1/4;12/05/2024;1942,67
902930;CAIXA ECONOMICA;COIMBRA;;;5/8;12/05/2024;3586,01
903062;CAIXA ECONOMICA;FERRAGENS SANTA RITA;;;1/3;12/05/2024;8332,83
903083;CAIXA ECONOMICA;J ALVES;;;1/7;13/05/2024;3894,14
902297;CAIXA ECONOMICA;FERRAGENS SANTA RITA;;;4/5;14/05/2024;7104,20
902385;CAIXA ECONOMICA;J ALVES;;;3/7;14/05/2024;5987,61
902343;CAIXA ECONOMICA;FERRAGENS SANTA RITA;;;3/5;15/05/2024;7687,40
902401;CAIXA ECONOMICA;ANTONIO DE CARVALHO (BALANCIM);;;2/3;15/05/2024;10000,00
902468;CAIXA ECONOMICA;CLAUDIO YAMANACA;;;1/3;15/05/2024;2466,66
902984;CAIXA ECONOMICA;JEF CAR;;;4/4;15/05/2024;2225,00
902355;CAIXA ECONOMICA;CASA BRASIL;;;3/3;16/05/2024;1126,67
902891;CAIXA ECONOMICA;COIMBRA;;;6/9;16/05/2024;5579,15
903015;CAIXA ECONOMICA;J ALVES;;;2/7;16/05/2024;6238,14
902304;CAIXA ECONOMICA;J ALVES;;;4/7;18/05/2024;3557,14
902397;CAIXA ECONOMICA;AUTOLED;;;2/3;18/05/2024;897,00
903074;CAIXA ECONOMICA;CASA BRASIL;;;1/3;18/05/2024;710,00
902993;CAIXA ECONOMICA;FERRAGENS SANTA RITA;;;3/5;19/05/2024;4031,00
903002;CAIXA ECONOMICA;COIMBRA;;;3/5;19/05/2024;2000,17
902351;CAIXA ECONOMICA;AUTOLED;;;3/3;20/05/2024;2325,80
902450;CAIXA ECONOMICA;T.L. DE OLIVEIRA;;;1/4;20/05/2024;2570,01
902462;CAIXA ECONOMICA;GILÓ;;;2/2;20/05/2024;1150,00
902482;CAIXA ECONOMICA;PRECISION;;;1/2;20/05/2024;2340,00
903092;CAIXA ECONOMICA;POSTO UMUARAMA;;;3/3;20/05/2024;6105,23
902270;CAIXA ECONOMICA;VIDRAÇARIA FERRAZ;;;5/6;21/05/2024;2500,00
902445;CAIXA ECONOMICA;FERRAGENS SANTA RITA;;;1/5;22/05/2024;4626,80
902964;CAIXA ECONOMICA;DECOLAR MARMORARIA;;;4/4;22/05/2024;7125,00
903036;CAIXA ECONOMICA;FERRAGENS SANTA RITA;;;2/3;22/05/2024;4877,43
902925;CAIXA ECONOMICA;HIMASA;;;5/5;23/05/2024;2160,00
902959;CAIXA ECONOMICA;J ALVES;;;5/5;23/05/2024;2150,00
902968;CAIXA ECONOMICA;SILKMANIA;;;4/4;23/05/2024;2400,00
903135;CAIXA ECONOMICA;GILÓ;;;1/1;23/05/2024;1800,00
902460;CAIXA ECONOMICA;KAKÁ BLOCOS;;;1/1;25/05/2024;1400,00
902511;CAIXA ECONOMICA;JAZIEL;;;11/18;25/05/2024;10000,00
903040;CAIXA ECONOMICA;TINTAS AVENIDA;;;2/2;25/05/2024;804,00
902328;CAIXA ECONOMICA;TINTAS AVENIDA;;;4/5;26/05/2024;1671,14
903056;CAIXA ECONOMICA;DECOLAR MARMORARIA;;;2/4;26/05/2024;2582,61
903044;CAIXA ECONOMICA;COIMBRA;;;2/8;27/05/2024;4834,36
902320;CAIXA ECONOMICA;ZEZINHO;;;4/4;29/05/2024;855,63
902370;CAIXA ECONOMICA;ZEZINHO;;;3/4;31/05/2024;1248,00
903078;CAIXA ECONOMICA;ZEZINHO;;;2/4;02/06/2024;931,81
902504;CAIXA ECONOMICA;PH TERRAPLANAGEM;;;1/3;05/06/2024;5666,66
903163;CAIXA ECONOMICA;MINERAIS RIO DOCE;;;1/2;08/06/2024;1030,00
902455;CAIXA ECONOMICA;T.L. DE OLIVEIRA;;;2/4;12/06/2024;1942,67
902931;CAIXA ECONOMICA;COIMBRA;;;6/8;12/06/2024;3586,01
903063;CAIXA ECONOMICA;FERRAGENS SANTA RITA;;;2/3;12/06/2024;8332,83
903084;CAIXA ECONOMICA;J ALVES;;;2/7;13/06/2024;3894,14
903095;CAIXA ECONOMICA;SILK MANIA;;;2/4;13/06/2024;3081,25
903031;CAIXA ECONOMICA;ELETROGUARA;;;3/5;17/06/2024;1344,35
903136;CAIXA ECONOMICA;FERRAGENS SANTA RITA;;;1/5;17/06/2024;3883,52
903075;CAIXA ECONOMICA;CASA BRASIL;;;2/3;18/06/2024;710,00
903164;CAIXA ECONOMICA;MINEIRAIS RIO DOCE;;;2/2;18/06/2024;1030,00
902451;CAIXA ECONOMICA;T.L. DE OLIVEIRA;;;2/4;20/06/2024;2570,01
903172;CAIXA ECONOMICA;GILÓ;;;2/3;20/06/2024;1250,00
902329;CAIXA ECONOMICA;TINTAS AVEINDA;;;5/5;26/06/2024;1671,14
902405;CAIXA ECONOMICA;FERRAGENS SANTA RITA;;;3/5;29/06/2024;5844,78
903104;CAIXA ECONOMICA;ESCARLATE CONFECÇÕES;;;1/1;30/06/2024;1050,00
902473;CAIXA ECONOMICA;LUCAS IMPERMEAB.;;;3/5;03/08/2024;16654,00
902541;CAIXA ECONOMICA;VACOON SANEAMENTO;;;2/3;01/09/2024;3000,00
902474;CAIXA ECONOMICA;LUCAS IMPERMEABI.;;;4/5;03/09/2024;16654,00
902487;CAIXA ECONOMICA;J ALVES;;;4/7;07/09/2024;3517,07
902651;CAIXA ECONOMICA;VACOON SANEAMENTO;;;2/7;25/09/2024;4285,71
902513;CAIXA ECONOMICA;COIMBRA;;;4/12;27/09/2024;10059,32
903380;CAIXA ECONOMICA;GESSO MOREIRA;;;1/1;28/09/2024;3844,91
902729;CAIXA ECONOMICA;KAKA BLOCOS;;;1/1;30/09/2024;700,00
903276;CAIXA ECONOMICA;COIMBRA;;;1/4;30/09/2024;1807,31
1286;SANTANDER;ZEZINHO;;;5/5;02/10/2024;2613,29
903293;CAIXA ECONOMICA;AUTOLED;;;1/3;02/10/2024;1247,17
902475;CAIXA ECONOMICA;LUCAS  IMPERMEAB.;;;5/5;03/10/2024;16654,00
903187;CAIXA ECONOMICA;CASA BRASIL;;;3/3;04/10/2024;646,67
903247;CAIXA ECONOMICA;FERRAGENS SANTA RITA;;;2/3;07/10/2024;4344,63
903190;CAIXA ECONOMICA;FERRAGENS SANTA RITA;;;3/3;09/10/2024;3377,33
903269;CAIXA ECONOMICA;CASA BRASIL;;;2/3;09/10/2024;833,33
903310;CAIXA ECONOMICA;CLAUDIO YAMANAKA;;;1/3;09/10/2024;1566,67
903109;CAIXA ECONOMICA;FERRAGENS SANTA RITA;;;5/5;10/10/2024;6184,48
903122;CAIXA ECONOMICA;SANTANA E AZEVEDO;;;5/6;10/10/2024;8956,83
903088;CAIXA ECONOMICA;J ALVES;;;6/7;13/10/2024;3894,14
903020;CAIXA ECONOMICA;J ALVES;;;7/7;16/10/2024;6238,14
903370;CAIXA ECONOMICA;MANIA DE LIMPEZA;;;1/3;17/10/2024;3154,00
903226;CAIXA ECONOMICA;FERRAGENS SANTA RITA;;;3/5;22/10/2024;2060,72
903208;CAIXA ECONOMICA;FERRAGENS SANTA RITA;;;4/5;25/10/2024;3387,60
903281;CAIXA ECONOMICA;SILK MANIA;;;2/5;26/10/2024;4320,00
903364;CAIXA ECONOMICA;CASA BRASIL;;;1/3;26/10/2024;833,33
903051;CAIXA ECONOMICA;COIMBRA;;;7/8;27/10/2024;4834,36
903214;CAIXA ECONOMICA;ZEZINHO;;;5/5;27/10/2024;1196,70
903232;CAIXA ECONOMICA;FERRAGENS SANTA RITA;;;3/3;28/10/2024;3930,40
903327;CAIXA ECONOMICA;TLO;;;1/2;28/10/2024;1191,68
903333;CAIXA ECONOMICA;FERRAGENS SANTA RITA;;;1/5;29/10/2024;1970,20
903294;CAIXA ECONOMICA;AUTOLED;;;2/3;02/11/2024;1247,17
902816;CAIXA ECONOMICA;GESSO MOREIRA;;;2/2;10/11/2024;3223,93
903089;CAIXA ECONOMICA;J ALVES;;;7/7;13/11/2024;3894,14
902698;CAIXA ECONOMICA;JEFCAR;;;2/3;15/11/2024;1833,33
902800;CAIXA ECONOMICA;AUTO TINTAS;;;1/2;15/11/2024;2007,73
902821;CAIXA ECONOMICA;RM RAMOS;;;2/3;16/11/2024;2214,39
903299;CAIXA ECONOMICA;HIMASA;;;2/5;16/11/2024;1996,80
903360;CAIXA ECONOMICA;J ALVES;;;1/7;16/11/2024;3074,50
902802;CAIXA ECONOMICA;VIDRAÇARIA SALES;;;1/2;17/11/2024;1889,41
903371;CAIXA ECONOMICA;MANIA DE LIMPEZA;;;2/3;17/11/2024;2997,39
902562;CAIXA ECONOMICA;HIMASA;;;5/7;18/11/2024;3083,38
902645;CAIXA ECONOMICA;SANTANA E AZEVEDO;;;4/4;18/11/2024;3161,11
903263;CAIXA ECONOMICA;FERRAGENS SANTA RITA;;;3/3;18/11/2024;2215,67
902805;CAIXA ECONOMICA;FÉRIAS FORMIGA;;;1/3;20/11/2024;4876,44
902714;CAIXA ECONOMICA;J ALVES;;;3/7;21/11/2024;8026,32
902706;CAIXA ECONOMICA;FERRAGENS SANTA RITA;;;3/5;22/11/2024;6313,10
902733;CAIXA ECONOMICA;FERRAGENS SANTA RITA;;;2/3;22/11/2024;5105,67
902823;CAIXA ECONOMICA;MARMORIA ALVES;;;1/2;22/11/2024;1578,75
903227;CAIXA ECONOMICA;FERRAGENS SANTA RITA;;;4/5;22/11/2024;2060,72
902744;CAIXA ECONOMICA;ELETROGUARA;;;2/4;23/11/2024;1134,15
902826;CAIXA ECONOMICA;CASA BRASIL;;;1/3;23/11/2024;1466,67
902650;CAIXA ECONOMICA;VACOON SANEAMENTO;;;4/7;25/11/2024;4285,71
903209;CAIXA ECONOMICA;FERRAGENS SANTA RITA;;;5/5;25/11/2024;3387,60
902726;CAIXA ECONOMICA;DECOLAR;;;3/3;26/11/2024;2961,89
902783;CAIXA ECONOMICA;VIDRAÇARIA SALES;;;2/3;26/11/2024;4303,33
903282;CAIXA ECONOMICA;SILK MANIA;;;3/5;26/11/2024;4320,00
903365;CAIXA ECONOMICA;CASA BRASIL;;;2/3;26/11/2024;833,33
902515;CAIXA ECONOMICA;COIMBRA;;;6/12;27/11/2024;10059,39
902794;CAIXA ECONOMICA;TINTAS AVENIDA;;;1/4;27/11/2024;1629,95
903051;CAIXA ECONOMICA;COIMBRA;;;8/8;27/11/2024;4834,36
902817;CAIXA ECONOMICA;RM RAMOS;;;1/3;28/11/2024;10817,32
903328;CAIXA ECONOMICA;TLO;;;2/2;28/11/2024;1191,68
903322;CAIXA ECONOMICA;JEFCAR;;;3/4;29/11/2024;3350,00
902874;CAIXA ECONOMICA;GILÓ;;;1/1;30/11/2024;1500,00
903295;CAIXA ECONOMICA;AUTOLED;;;3/3;02/12/2024;1247,17
902863;CAIXA ECONOMICA;L.L. DUTRA;;;3/4;04/12/2024;4698,22
1296;SANTANDER;ZEZINHO;;;2/5;20/12/2024;377,95
902839;CAIXA ECONOMICA;POSTO UMUARAMA;;;2/3;21/12/2024;4017,00
902865;CAIXA ECONOMICA;FERRAGENS SANTA RITA;;;1/5;21/12/2024;2103,38
902827;CAIXA ECONOMICA;CASA BRASIL;;;2/3;23/12/2024;1466,67
902753;CAIXA ECONOMICA;MADEPARK;;;3/3;24/12/2024;2291,67
902653;CAIXA ECONOMICA;VACOON SANEAMENTO;;;5/7;25/12/2024;4285,71
903283;CAIXA ECONOMICA;SILK MANIA;;;4/5;26/12/2024;4320,00
902795;CAIXA ECONOMICA;TINTAS AVENIDA;;;2/4;27/12/2024;1629,95
902818;CAIXA ECONOMICA;RM RAMOS;;;2/3;28/12/2024;10817,32
1292;SANTANDER;ZEZINHO;;;3/5;29/12/2024;3027,16
903317;CAIXA ECONOMICA;SILK MANIA;;;2/4;29/12/2024;2475,00
903323;CAIXA ECONOMICA;JEFCAR;;;4/4;29/12/2024;3350,00
1;CAIXA ECONOMICA;POSTO UMUARAMA;;;1/3;30/12/2024;4168,15
1108;CAIXA ECONOMICA;GILÓ;;;2/2;31/12/2024;1500,00
902694;CAIXA ECONOMICA;J ALVES;;;3/5;31/12/2024;2013,20
902628;CAIXA ECONOMICA;FERRAGENS SANTA RITA;;;5/5;01/01/2025;4428,56
902880;CAIXA ECONOMICA;JEFCAR;;;1/1;01/01/2025;937,00
2;CAIXA ECONOMICA;POSTO UMUARAMA;;;2/3;16/01/2025;4168,15
1150;CAIXA ECONOMICA;POSTO UMUARAMA;;;2/4;22/01/2025;706,45
1137;CAIXA ECONOMICA;J ALVES;;;1/5;25/01/2025;1375,80
7;CAIXA ECONOMICA;FERRAGENS SANTA RITA;;;1/5;25/01/2025;3350,40
1132;CAIXA ECONOMICA;SILK MANIA;;;1/5;27/01/2025;3500,00
;CAIXA ECONOMICA;RM RAMOS;;;3/3;28/01/2025;10817,32
1159;CAIXA ECONOMICA;TINTAS AVENIDA;;;1/5;29/01/2025;1837,73
1294;SANTANDER;ZEZINHO;;;5/5;29/01/2025;3027,16
903318;CAIXA ECONOMICA;SILK MANIA;;;3/4;29/01/2025;2475,00
1193;CAIXA ECONOMICA;GILÓ;;;1/2;31/01/2025;900,00
3;CAIXA ECONOMICA;POSTO UMUARAMA;;;3/3;31/01/2025;4168,15
25;CAIXA ECONOMICA;FERRAGENS SANTA RITA;;;1/5;04/02/2025;1367,70
1203;CAIXA ECONOMICA;SINDICATO DOS TRAB.;;;1/3;05/02/2025;2914,71
902768;CAIXA ECONOMICA;ELETROGUARA;;;4/5;05/02/2025;994,61
39;CAIXA ECONOMICA;DUTRA ATACADÃO;;;1/4;11/02/2025;4850,00
902830;CAIXA ECONOMICA;FERRAGENS SANTA RITA;;;2/5;13/02/2025;2125,30
902879;CAIXA ECONOMICA;TINTAS AVENIDA;;;3/3;14/02/2025;3011,92
902846;CAIXA ECONOMICA;ELETROGUARA;;;3/4;15/02/2025;1000,81
902873;CAIXA ECONOMICA;FERRAGENS SANTA RITA;;;3/3;15/02/2025;1838,83
902739;CAIXA ECONOMICA;FERRAGENS SANTA RITA;;;5/5;17/02/2025;3314,20
102;CAIXA ECONOMICA;GILÓ;;;1/2;22/02/2025;1150,00
63;CAIXA ECONOMICA;COIMBRA;;;1/10;22/02/2025;2883,05
13;CAIXA ECONOMICA;JEFCAR;;;2/3;25/02/2025;766,67
8;CAIXA ECONOMICA;FERRAGENS SANTA RITA;;;2/5;25/02/2025;3350,40
112;CAIXA ECONOMICA;POSTO UMUARAMA;;;1/2;26/02/2025;5094,34
1173;CAIXA ECONOMICA;HIMASA;;;1/4;26/02/2025;1038,10
1133;CAIXA ECONOMICA;SILK MANIA;;;2/5;27/02/2025;3500,00
902797;CAIXA ECONOMICA;TINTAS AVENIDA;;;4/4;27/02/2025;1629,95
1121;CAIXA ECONOMICA;ELETROGUARA;;;3/5;28/02/2025;3157,56
902696;CAIXA ECONOMICA;J ALVES;;;5/5;28/02/2025;2013,20
1205;CAIXA ECONOMICA;SINDICATO DOS TRAB.;;;3/3;05/03/2025;2914,71
128;;CASA BRASIL;;;1/2;12/03/2025;449,05
116;CAIXA ECONOMICA;FERRAGENS SANTA RITA;;;1/5;22/03/2025;4762,36
64;CAIXA ECONOMICA;COIMBRA;;;2/10;22/03/2025;2883,05
79;CAIXA ECONOMICA;FERRAGENS SANTA RITA;;;2/5;22/03/2025;1916,73
161;CAIXA ECONOMICA;COIMBRA;;;1/10;24/03/2025;4449,78
14;CAIXA ECONOMICA;JEFCAR;;;3/3;25/03/2025;766,67
1174;CAIXA ECONOMICA;HIMASA;;;2/4;26/03/2025;1038,10
171;CAIXA ECONOMICA;FERRAGENS SANTA RITA;;;1/3;26/03/2025;7844,00
902524;CAIXA ECONOMICA;COIMBRA;;;10/12;27/03/2025;10059,32
127;;ELETROGUARA;;;1/1;31/03/2025;397,58
1195;CAIXA ECONOMICA;FERRAGENS SANTA RITA;;;2/5;01/04/2025;3630,94
129;;CASA BRASIL;;;2/2;12/04/2025;449,05
115;CAIXA ECONOMICA;CASA DOS VIDROS;;;2/2;17/04/2025;1200,00
288;CAIXA ECONOMICA;SILKMANIA;;;1/5;24/04/2025;4950,00
44;CAIXA ECONOMICA;DUTRA ATACADÃO;;;4/4;06/05/2025;4850,00
256;CAIXA ECONOMICA;ELETROGUARA;;;1/3;07/05/2025;850,04
106;CAIXA ECONOMICA;TINTAS AVENIDA;;;3/4;14/05/2025;2182,15
101;CAIXA ECONOMICA;FERRAGENS SANTA RITA;;;3/3;16/05/2025;1986,67
219;CAIXA ECONOMICA;MANUTENÇÃO HR;;;2/3;16/05/2025;1000,00
293;CAIXA ECONOMICA;FERRAGENS SANTA RITA;;;1/3;16/05/2025;5539,17
95;CAIXA ECONOMICA;FERRAGENS SANTA RITA;;;3/5;19/05/2025;3987,36
52;CAIXA ECONOMICA;HIMASA;;;4/4;20/05/2025;1257,74
204;CAIXA ECONOMICA;MARQUINHO CARPINTEIRO;;;4/8;21/05/2025;10000,00
118;CAIXA ECONOMICA;FERRAGENS SANTA RITA;;;3/5;22/05/2025;4762,36
1217;CAIXA ECONOMICA;MARIO AUTO ELETRICA;;;1/1;22/05/2025;623,00
41;CAIXA ECONOMICA;FERRAGENS SANTA RITA;;;4/5;22/05/2025;1916,73
178;CAIXA ECONOMICA;FERRAGENS SANTA RITA;;;2/5;23/05/2025;3857,58
262;CAIXA ECONOMICA;CASA BRASIL;;;2/4;23/05/2025;3173,27
163;CAIXA ECONOMICA;COIMBRA;;;3/10;24/05/2025;4449,78
289;CAIXA ECONOMICA;SILKMANIA;;;2/5;24/05/2025;4950,00
11;CAIXA ECONOMICA;FERRAGENS SANTA RITA;;;5/5;25/05/2025;3350,40
1164;CAIXA ECONOMICA;J ALVES;;;5/5;25/05/2025;1375,80
1219;CAIXA ECONOMICA;ELETROGUARA;;;1/1;25/05/2025;382,50
317;CAIXA ECONOMICA;FERRAGENS SANTA RITA;;;1/3;25/05/2025;5471,73
66;CAIXA ECONOMICA;COIMBRA;;;4/10;25/05/2025;2883,05
1176;CAIXA ECONOMICA;HIMASA;;;4/4;26/05/2025;1038,10
173;CAIXA ECONOMICA;FERRAGENS SANTA RITA;;;3/3;26/05/2025;7844,00
296;CAIXA ECONOMICA;FERRAGENS SANTA RITA;;;1/5;26/05/2025;8700,26
1136;CAIXA ECONOMICA;SILK MANIA;;;5/5;27/05/2025;3500,00
243;CAIXA ECONOMICA;FERRAGENS SANTA RITA;;;2/3;27/05/2025;6059,33
266;CAIXA ECONOMICA;AUTO LED;;;2/3;27/05/2025;1089,20
325;CAIXA ECONOMICA;CASA BRASIL;;;1/3;27/05/2025;2433,33
902526;CAIXA ECONOMICA;COIMBRA;;;12/12;27/05/2025;10059,32
1209;CAIXA ECONOMICA;J ALVES;;;3/5;28/05/2025;4400,00
1163;CAIXA ECONOMICA;TINTAS AVENIDA;;;5/5;29/05/2025;1837,73
1215;CAIXA ECONOMICA;JCL SERRALHERIA;;;1/2;29/05/2025;1694,75
365;CAIXA ECONOMICA;TAPEÇARIA MONZA;;;1/1;30/05/2025;1800,00
442;CAIXA ECONOMICA;TOPOH;;;1/1;30/05/2025;5560,00
190;CAIXA ECONOMICA;JEFCAR AUTO PEÇAS;;;3/3;31/05/2025;852,33
275;CAIXA ECONOMICA;PRECISION LOPES;;;1/1;31/05/2025;3625,00
311;CAIXA ECONOMICA;FERRAGENS SANTA RITA;;TROCAMOS PELO 411;1/6;31/05/2025;9600,00
331;CAIXA ECONOMICA;J ALVES;;;1/5;31/05/2025;2195,50
345;CAIXA ECONOMICA;DECOLAR;;;1/2;31/05/2025;1018,41
348;CAIXA ECONOMICA;GILÓ;;;1/1;31/05/2025;1800,00
1191;CAIXA ECONOMICA;TINTAS AVENIDA;;;4/5;01/06/2025;1090,80
1197;CAIXA ECONOMICA;FERRAGENS SANTA RITA;;;4/5;01/06/2025;3630,94
330;CAIXA ECONOMICA;HIMASA;;;1/7;01/06/2025;3594,60
34;CAIXA ECONOMICA;J ALVES;;;5/6;01/06/2025;1760,83
92;CAIXA ECONOMICA;JEFCAR;;;4/4;01/06/2025;1125,00
1106;CAIXA ECONOMICA;COIMBRA;;;6/6;02/06/2025;2951,85
215;CAIXA ECONOMICA;ELETROGUARA;;;3/5;02/06/2025;2071,05
246;CAIXA ECONOMICA;FERRAGENS SANTA RITA;;;2/5;02/06/2025;6769,56
253;CAIXA ECONOMICA;JCL SERRALHERIA;;;2/2;02/06/2025;1205,41
235;CAIXA ECONOMICA;J ALVES;;;3/6;03/06/2025;3663,50
269;CAIXA ECONOMICA;J ALVES;;;2/7;04/06/2025;5076,64
277;CAIXA ECONOMICA;JEFCAR AUTO PEÇAS;;;2/4;04/06/2025;1387,50
1220;CAIXA ECONOMICA;GILÓ;;;1/1;05/06/2025;1800,00
254;CAIXA ECONOMICA;TLO SOLUÇÕES;;;2/2;06/06/2025;500,14
255;CAIXA ECONOMICA;TLO SOLUÇÕES;;;1/2;06/06/2025;500,14
336;CAIXA ECONOMICA;J ALVES;;;1/7;06/06/2025;3174,00
372;CAIXA ECONOMICA;COIMBRA;;;1/6;06/06/2025;2569,04
257;CAIXA ECONOMICA;ELETROGUARA;;;2/3;07/06/2025;850,04
381;CAIXA ECONOMICA;PADROEIRA ENTULHO;;;1/2;08/06/2025;1000,00
1169;CAIXA ECONOMICA;SILK MANIA;;;5/5;09/06/2025;3635,00
199;CAIXA ECONOMICA;FÁBIO PIRES;;;4/6;09/06/2025;50000,00
902854;CAIXA ECONOMICA;J ALVES;;;6/7;10/06/2025;2492,71
283;CAIXA ECONOMICA;COIMBRA;;;2/6;11/06/2025;10487,07
107;CAIXA ECONOMICA;TINTAS AVENIDA;;;4/4;14/06/2025;2182,15
228;CAIXA ECONOMICA;COIMBRA;;;3/6;14/06/2025;2338,10
176;CAIXA ECONOMICA;FERRAGENS SANTA RITA;;;3/3;15/06/2025;3039,83
344;CAIXA ECONOMICA;RVAN;;;1/3;15/06/2025;5336,66
383;CAIXA ECONOMICA;JILÓ;;;1/1;15/06/2025;1000,00
220;CAIXA ECONOMICA;MANUTENÇÃO HR;;;3/3;16/06/2025;1000,00
294;CAIXA ECONOMICA;FERRAGENS SANTA RITA;;;2/3;16/06/2025;5539,17
303;CAIXA ECONOMICA;GILÓ;;;2/2;16/06/2025;2050,00
306;CAIXA ECONOMICA;TINTAS AVENIDA;;;2/5;17/06/2025;2266,83
412;CAIXA ECONOMICA;CASA BRASIL;;;1/3;28/06/2025;3283,33
1216;CAIXA ECONOMICA;JCL SERRALHERIA;;;2/2;29/06/2025;1694,75
332;CAIXA ECONOMICA;J ALVES;;;2/5;30/06/2025;2195,50
409;CAIXA ECONOMICA;MADEPARK;;;1/3;02/07/2025;3316,66
278;CAIXA ECONOMICA;JEFCAR AUTO PEÇAS;;;3/4;04/07/2025;1387,50
337;CAIXA ECONOMICA;J ALVES;;;2/7;06/07/2025;3174,00
258;CAIXA ECONOMICA;ELETROGUARA;;;3/3;07/07/2025;850,04
382;CAIXA ECONOMICA;PADROEIRA ENTULHO;;;2/2;08/07/2025;1000,00
402;CAIXA ECONOMICA;JILÓ;;;1/1;09/07/2025;2000,00
212;CAIXA ECONOMICA;DECOLAR MARMORARIA;;;4/4;10/07/2025;26723,00
459;CAIXA ECONOMICA;TINTAS AVENIDA;;;1/4;12/07/2025;2696,35
464;CAIXA ECONOMICA;JILÓ;;;2/2;12/07/2025;2700,00
229;;COIMBRA;;;4/6;14/07/2025;2338,10
415;CAIXA ECONOMICA;JCL SERRALHERIA;;;1/2;15/07/2025;1250,19
187;CAIXA ECONOMICA;TINTAS AVENIDA;;;4/4;16/07/2025;1817,21
504;CAIXA ECONOMICA;DECOLAR;;;1/5;25/07/2025;11000,00
509;CAIXA ECONOMICA;RATO (MANUT BOMBA - LOCNOW);;;1/1;26/07/2025;2900,00
413;CAIXA ECONOMICA;CASA BRASIL;;;2/3;28/07/2025;3283,33
419;CAIXA ECONOMICA;ELETROGUARA;;;2/5;30/07/2025;9372,25
385;CAIXA ECONOMICA;FERRAGENS SANTA RITA;;;2/3;31/07/2025;5009,33
645;CAIXA ECONOMICA;REGIS PAPELARIA;;;1/1;01/08/2025;1664,70
416;CAIXA ECONOMICA;JCL SERRALHERIA;;;2/2;04/08/2025;1250,19
510;CAIXA ECONOMICA;JCL SERRALHERIA;;;1/1;24/08/2025;1057,20
420;CAIXA ECONOMICA;ELETROGUARA;;;3/5;30/08/2025;9372,25
361;CAIXA ECONOMICA;J ALVES;;;3/6;25/09/2025;2047,42
1001;CAIXA ECONOMICA;FERRAGENS SANTA RITA;;;1/6;23/11/2025;6581,26
1107;CAIXA ECONOMICA;FERRAGENS SANTA RITA;;;1/3;29/11/2025;9596,33
1046;CAIXA ECONOMICA;ZEZINHO;;;2/3;28/12/2025;1256,28
;;;;;;TOTAL;2520717,17